Rk,Player,Tm,Pos,Shift,GP,,TOI (EV),CF% Rel (EV),GF/60 (EV),GA/60 (EV),,TOI (PP),CF% Rel (PP),GF/60 (PP),GA/60 (PP),,TOI (SH),CF% Rel (SH),GF/60 (SH),GA/60 (SH),PlayerID
1,A.J. Greer,COL,LW,0:37,17,,7:13,-4.3,2,1,,0:09,-11.5,0,0,,0:00,,,,greeraj01
2,Aaron Ekblad,FLA,D,0:37,82,,19:01,-0.5,3.3,3.2,,2:07,-0.7,7.3,0.3,,2:14,-0.7,2.3,6.6,ekblaaa01
3,Aaron Ness,WSH,D,0:26,8,,11:52,-4.4,3.8,2.5,,0:00,,,,,0:49,9.9,0,9.2,nessaa01
4,Adam Clendening,ARI,D,0:47,5,,15:27,-4.8,3.1,3.9,,0:20,-37,0,0,,0:07,-14.8,0,92.3,clendad01
5,Adam Cracknell,TOT,RW,0:28,5,,6:46,-1.8,0,0,,0:00,,,,,0:56,,,,crackad01
6,Adam Erne,TBL,LW,0:34,23,,10:01,1.1,2.3,2.6,,0:04,-88.4,0,0,,0:01,,,,ernead01
7,Adam Gaudette,VAN,C,0:43,5,,12:02,0.9,2,0,,0:44,-9.9,0,0,,0:00,,,,gaudead01
8,Adam Henrique,TOT,C,0:34,81,,13:41,-0.3,3.2,1.8,,2:31,4.9,7.7,1.2,,1:34,9.8,2.1,2.1,henriad01
9,Adam Larsson,EDM,D,0:46,63,,19:27,-0.8,2.9,2.6,,0:04,-11.1,0,0,,2:23,-2.8,0.8,6.4,larssad01
10,Adam Lowry,WPG,LW,0:43,45,,12:04,4.8,2.7,1.9,,0:46,7.1,6.9,0,,2:02,9.1,1.3,6.5,lowryad01
11,Adam McQuaid,BOS,D,0:33,38,,13:35,-4.6,2,2.3,,0:01,,,,,2:05,-4.7,0.8,3,mcquaad01
12,Adam Pelech,NYI,D,0:52,78,,16:41,0.8,2.9,2.6,,0:19,-3,7.3,0,,2:15,-2.7,0.7,10.2,pelecad01
13,Adrian Kempe,LAK,LW,0:47,81,,12:08,-2.7,2.7,1.9,,1:06,-5.5,5.4,1.3,,0:04,18.3,0,5.7,kempead01
14,Alan Quine,NYI,C,0:36,21,,11:19,-8.9,2.1,2.6,,0:05,18.1,0,0,,0:19,-5.2,0,0,quineal01
15,Alec Martinez,LAK,D,0:35,77,,18:32,-5.6,2.5,2.4,,1:56,0,8.1,1.2,,2:22,3.3,0.6,5.8,martial01
16,Aleksander Barkov,FLA,C,0:43,79,,16:56,3.5,3.6,3.3,,3:22,-0.1,6.7,0.6,,1:45,1.7,2.2,3,barkoal01
17,Aleš Hemský,MTL,RW,0:51,7,,7:19,-3.2,0,1.2,,2:34,7.9,3.3,0,,0:01,-16.7,0,22.5,hemskal01
18,Alex Biega,VAN,D,0:38,44,,14:11,3.1,1.8,1.7,,0:02,16.2,0,0,,0:47,8.7,3.4,5.1,biegaal01
19,Alex Broadhurst,CBJ,C,0:26,2,,9:37,12.3,0,0,,0:25,13.3,0,0,,0:00,,,,broadal01
20,Alex Chiasson,WSH,RW,0:39,61,,9:28,-4.6,2.8,3,,0:37,-2.2,1.6,0,,1:39,1.8,1.8,9.5,chiasal01
21,Alex DeBrincat,CHI,RW,0:39,82,,12:36,2.2,3.4,2.9,,2:02,-4.3,6.1,1.4,,0:08,0,0,4.9,debrial01
22,Alex Formenton,OTT,LW,0:35,1,,4:54,-11.6,0,0,,0:00,,,,,0:00,,,,formeal01
23,Alex Galchenyuk,MTL,C,0:53,82,,13:16,-1.5,1.7,3.1,,2:55,-1.1,8.8,1.2,,0:01,-10.4,0,0,galchal01
24,Alex Goligoski,ARI,D,0:37,78,,19:25,-2.7,2,3.2,,1:56,-4.7,5.4,1.6,,1:55,0.9,0.8,6.2,goligal01
25,Alex Iafallo,LAK,C,0:32,75,,14:11,3,2.7,2.1,,0:32,0.3,8.8,0,,0:21,-5.6,0,7.9,iafalal01
26,Alex Killorn,TBL,C/LW,0:37,82,,11:57,4,3.7,2.4,,2:51,2.8,9.1,0.3,,1:41,-1.1,0.4,6.5,killoal01
27,Alex Ovechkin,WSH,LW,0:54,82,,15:55,5,3.5,3.1,,4:11,8.4,9.2,1.2,,0:01,52.7,0,0,ovechal01
28,Alex Pietrangelo,STL,D,1:04,78,,20:21,-0.3,2.9,2.5,,3:02,-3,4.8,1.8,,2:19,-1.8,1.3,8.2,pietral01
29,Alex Tuch,VEG,RW,0:46,78,,12:52,0.8,2.5,2.3,,2:19,7.6,7.2,0,,0:02,-2.3,0,3.8,tuchal01
30,Alexander Burmistrov,VAN,C,0:36,24,,10:38,-2,1.4,2.6,,0:37,9,11.9,0,,0:42,-13.8,0,14.4,burmial01
31,Alexander Edler,VAN,D,0:46,70,,18:47,-1,2.3,3,,2:48,2,9.1,0.9,,2:40,-5.1,0,10,edleral01
32,Alexander Kerfoot,COL,C,0:50,79,,10:57,1.3,2.6,2.5,,2:28,-0.2,6.9,2.1,,0:00,-8.6,0,171.4,kerfoal01
33,Alexander Nylander,BUF,LW,0:52,3,,12:12,-0.3,1.6,6.6,,0:39,8.7,0,0,,0:00,,,,nylanal01
34,Alexander Petrovic,FLA,D,0:35,67,,14:13,1.9,2.1,2.3,,0:01,12.1,0,0,,0:24,12.2,2.2,6.5,petroal01
35,Alexander Radulov,DAL,RW,0:37,82,,16:46,2.9,3.3,2.7,,3:19,-0.9,7.7,1.8,,0:01,21.5,0,0,radulal01
36,Alexander Steen,STL,C,0:43,76,,14:32,2,2.9,3.2,,2:55,-0.8,7,1.6,,1:13,-3.4,0.6,6.4,steenal01
37,Alexander Wennberg,CBJ,C,0:44,66,,14:32,2.6,3.9,2.5,,2:34,6.7,6.7,1.1,,1:01,5.2,1.7,5.8,wennbal01
38,Alexandre Burrows,OTT,LW,0:42,71,,9:30,-1.1,1.6,2.2,,1:23,-1.1,5.5,1.2,,0:47,1.1,0,9.1,burroal01
39,Alexei Emelin,NSH,D,0:33,76,,15:12,-6.9,2,1.7,,0:02,11.3,0,0,,1:37,3.5,1,8.7,emelial01
40,Anders Bjork,BOS,LW,0:59,30,,11:21,0.5,2.8,2.3,,0:59,-1.3,9,1.8,,0:00,,,,bjorkan01
41,Anders Lee,NYI,LW,0:45,82,,14:11,0.6,3.2,4.1,,3:03,6.1,10.1,1.7,,0:00,22.8,0,5.8,leean01
42,André Burakovsky,WSH,LW,0:40,56,,12:37,5.4,2.6,2.2,,1:12,-10.4,4.5,1.8,,0:00,,,,burakan01
43,Andreas Athanasiou,DET,C,0:40,71,,13:12,0.7,2.4,3.3,,1:44,-4.9,5.4,0.5,,0:22,-1.4,0,13.4,athanan01
44,Andreas Borgman,TOR,D,0:31,48,,13:27,0.1,3.1,2.7,,0:01,15.7,0,0,,0:11,7.1,0,12.8,borgman01
45,Andreas Englund,OTT,D,0:43,1,,10:54,-10,5.5,0,,0:00,,,,,0:27,-22.2,0,0,engluan01
46,Andreas Johnsson,TOR,LW,0:38,9,,9:41,5.9,2.1,3.4,,1:17,2.2,20.7,0,,0:42,9,0,0,johnsan01
47,Andreas Martinsen,CHI,LW,0:57,9,,12:12,4.2,1.6,1.6,,0:00,,,,,0:25,11.2,0,15.5,martian01
48,Andrei Mironov,COL,D,0:25,10,,9:37,-5,2.6,1.3,,0:00,,,,,1:25,-12,0,8.5,mironan01
49,Andrej Sekera,EDM,D,0:39,36,,14:04,1.2,1.3,3.4,,0:58,1.1,5.1,0,,1:16,11.6,2.6,5.2,sekeran01
50,Andrej Šustr,TBL,D,0:35,44,,12:19,1.4,2.3,2.9,,0:03,-90.9,0,0,,0:27,-1.8,0,8.9,sustran01
51,Andrew Cogliano,ANA,LW/C,0:42,80,,13:22,0.6,2.4,1.8,,0:06,-40.1,0,0,,1:42,10.5,2.6,5.2,coglian01
52,Andrew Copp,WPG,C,0:35,82,,11:42,1.9,2.6,1.9,,0:05,-7,0,0,,1:56,3.6,1.5,5.3,coppan01
53,Andrew Crescenzi,LAK,C,0:26,2,,6:36,-34.4,0,0,,0:00,,,,,1:15,-23.1,0,24,crescan01
54,Andrew Ladd,NYI,LW,0:36,73,,12:54,5,2.9,2,,1:44,-8,4.3,1.9,,1:14,1.4,1.3,13.3,laddan01
55,Andrew MacDonald,PHI,D,0:38,66,,17:55,-4.5,2.6,2.3,,0:08,-29.2,6.2,0,,1:47,-1.4,0.9,7.4,macdoan01
56,Andrew Mangiapane,CGY,LW,0:30,10,,8:46,-2.5,0,2,,0:01,,0,0,,0:08,,,,mangian01
57,Andrew Shaw,MTL,C,0:54,51,,13:21,0.8,2.2,2.8,,2:19,-2.1,7.1,0.5,,0:07,0.8,0,20.4,shawan01
58,Andy Andreoff,LAK,LW,0:43,45,,9:19,-4.4,1.6,2.4,,0:02,12.1,0,0,,0:01,,0,0,andrean01
59,Andy Greene,NJD,D,0:35,81,,17:49,-6.2,2.3,2.9,,0:04,-25.6,6,0,,3:13,-3.9,1.3,6.2,greenan01
60,Andy Welinski,ANA,D,0:58,7,,14:39,-14.3,1.2,1.8,,1:02,-16.9,0,0,,0:28,27.7,0,0,welinan01
61,Anthony Beauvillier,NYI,LW,0:32,71,,12:49,2.3,3.4,3.2,,0:56,-2.1,10,0.9,,0:45,-1.3,0,9.6,beauvan01
62,Anthony Bitetto,NSH,D,0:40,32,,13:12,-6.3,2,2,,0:04,9,27.3,0,,0:10,-2.9,0,0,bitetan01
63,Anthony Cirelli,TBL,C,0:32,18,,11:47,1.8,4,1.1,,0:00,8.9,0,0,,1:26,-0.9,2.3,4.6,cirelan01
64,Anthony Duclair,TOT,LW,0:33,56,,11:33,3.1,2.1,2.9,,1:42,-3.2,7.6,0,,0:01,-12.6,0,0,duclaan01
65,Anthony Mantha,DET,RW,0:41,80,,15:03,4.1,2.5,2.4,,2:12,-0.4,6.8,1.4,,0:01,-14.4,0,38.7,manthan01
66,Anthony Peluso,WSH,RW,0:15,2,,4:38,0.7,0,0,,0:00,,,,,0:00,,,,pelusan01
67,Antoine Roussel,DAL,LW,0:28,73,,11:22,1.5,2,2,,0:04,-0.2,0,0,,0:58,3.7,0,4.1,roussan01
68,Antoine Vermette,ANA,C,0:34,64,,11:46,-2.9,2.1,2.6,,1:12,-2.8,4.3,0.7,,0:46,-6.4,1.2,6.1,vermean01
69,Anton Blidh,BOS,LW,0:34,1,,10:23,-10.3,0,0,,0:00,,,,,0:00,,,,blidhan01
70,Anton Lindholm,COL,D,0:33,48,,11:33,-2.8,2.4,2.1,,0:01,,0,0,,1:35,4,0.8,6.3,lindhan01
71,Anton Slepyshev,EDM,LW,0:40,50,,11:37,1.9,2.3,2.6,,0:07,-6.4,0,0,,0:03,-15.4,0,0,slepyan01
72,Anton Strålman,TBL,D,0:45,80,,18:20,-0.1,3.5,2.6,,0:25,-14.6,0,0,,2:44,-4.7,1.4,7.2,stralan01
73,Anže Kopitar,LAK,C,0:34,82,,17:01,4.6,3.4,2.6,,2:53,4.1,8.7,0.5,,2:10,-0.3,0.7,4,kopitan01
74,Artem Anisimov,CHI,C,0:45,72,,12:36,-3.3,2.2,3.2,,2:43,0.2,5.8,0.9,,1:27,1.8,0.6,8,anisiar01
75,Artemi Panarin,CBJ,LW,0:43,81,,17:09,8.6,3.2,2,,2:56,7.1,7.3,1,,0:01,35.5,0,12,panarar01
76,Artturi Lehkonen,MTL,LW,0:32,66,,13:01,1.9,1.8,2.5,,1:56,1.3,5.4,0.9,,1:31,-5.6,0.6,9.6,lehkoar01
77,Ashton Sautner,VAN,D,0:41,5,,13:21,3.1,4.5,0.9,,0:00,,,,,0:00,,,,sautnas01
78,Austin Czarnik,BOS,C,0:41,10,,9:53,2.8,1.8,2.4,,0:30,-19.1,12,0,,0:31,-0.2,0,0,czarnau01
79,Austin Watson,NSH,LW,0:32,76,,10:04,-6.1,2,2.3,,0:01,-39.2,0,0,,2:13,0.5,2.1,7.8,watsoau01
80,Auston Matthews,TOR,C,0:46,62,,15:57,1.3,4.1,2.6,,2:08,0.1,6.9,0.4,,0:01,49.5,0,0,matthau01
81,Barclay Goodrow,SJS,RW,0:25,47,,9:50,1.3,3.1,3.2,,0:10,13.6,14.9,0,,0:51,2.1,1.5,3,goodrba01
82,Beau Bennett,STL,RW,0:48,6,,10:00,1,0,2,,0:48,8.8,0,0,,0:00,,,,bennebe01
83,Ben Chiarot,WPG,D,0:55,57,,13:54,-3.3,2.9,1.9,,0:03,-54.4,0,0,,1:19,-3.9,1.6,7.2,chiarbe01
84,Ben Harpur,OTT,D,0:41,41,,13:08,-3.8,1.2,3.6,,0:00,13.1,0,0,,1:43,12.6,0,8.5,harpube01
85,Ben Hutton,VAN,D,0:35,61,,15:51,2.2,1.7,2.4,,0:57,3.2,6,1,,1:35,5.3,1.9,6.8,huttobe01
86,Ben Lovejoy,NJD,D,0:29,57,,13:32,4,2.3,2,,0:02,-17.7,0,0,,2:59,-3.1,1,5.8,lovejbe01
87,Ben Sexton,OTT,C,0:42,2,,10:16,15.4,0,2.9,,0:00,,,,,0:00,,,,sextobe01
88,Benoît Pouliot,BUF,LW,0:41,74,,11:22,-1.4,1.8,2.6,,0:38,-13.5,2.5,0,,1:40,-0.5,1.9,7.8,poulibe01
89,Blake Coleman,NJD,C,0:41,79,,12:09,0.1,2.4,2.3,,0:05,-23.6,0,0,,2:08,3.3,2.1,6.5,colembl01
90,Blake Comeau,COL,RW,0:33,79,,13:16,-1.4,2.5,2.4,,0:04,-20,0,6.1,,2:31,1.6,0.9,5.1,comeabl01
91,Blake Hillman,CHI,D,0:47,4,,16:24,-6.5,0,1.8,,0:01,,0,0,,1:36,1.7,9.4,0,hillmbl01
92,Blake Pietila,NJD,LW,0:44,2,,9:27,0.1,0,0,,0:00,,,,,0:00,,,,pietibl01
93,Blake Wheeler,WPG,RW,0:44,81,,15:50,-1.7,3.2,2.4,,3:08,-1.3,10.8,1.4,,1:16,1.7,1.2,5.8,wheelbl01
94,Bo Horvat,VAN,C,0:40,64,,15:04,1.8,3.2,3,,2:41,8.5,8,1.4,,1:34,-1.8,0.6,6.5,horvabo01
95,Bobby Ryan,OTT,LW,0:45,62,,13:43,3.2,2.8,3.6,,2:42,1.7,3.5,1.1,,0:00,-17.3,0,0,ryanbo01
96,Boo Nieves,NYR,C,0:40,28,,9:42,-2.2,3.1,1.8,,0:02,11.4,63.2,0,,0:27,-1.5,0,4.6,nievecr01
97,Boone Jenner,CBJ,C,0:46,75,,14:13,-6.2,2.5,2.3,,1:19,-0.6,3.6,1.8,,0:54,-2.5,0,10.7,jennebo01
98,Brad Hunt,VEG,D,0:47,45,,14:10,0,2.2,2.5,,2:23,0,9.6,1.1,,0:04,-16.8,0,0,huntbr01
99,Brad Malone,EDM,C/LW,0:27,7,,7:24,6.2,0,0,,0:01,8.5,0,0,,0:33,-10,0,0,malonbr01
100,Brad Marchand,BOS,LW,0:47,68,,14:49,4.4,4.2,2.7,,3:05,3.4,10.3,1.7,,1:48,7.3,2.4,5.9,marchbr03
101,Brad Richardson,ARI,C,0:35,76,,12:36,-1.5,1.7,3.1,,0:05,-30.5,0,0,,2:04,-4.4,0,6,richabr02
102,Brady Skjei,NYR,D,0:38,82,,18:17,1.7,2,3.1,,1:12,-0.9,6.1,0.6,,1:31,-0.1,0.5,6.2,skjeibr01
103,Brandon Carlo,BOS,D,0:48,76,,16:23,-2.1,2.6,2.3,,0:02,-25.2,5.8,0,,2:47,-1.9,1.4,7.1,carlobr01
104,Brandon Davidson,TOT,D,0:34,51,,15:00,-1.6,2.3,2.8,,0:03,-91.5,0,0,,1:45,-3.3,1.1,5.6,davidbr01
105,Brandon Dubinsky,CBJ,C,0:37,62,,13:25,-6.9,2,2.4,,0:18,-2,3.1,0,,1:35,-1.8,1.2,7.9,dubinbr01
106,Brandon Manning,PHI,D,0:41,65,,16:24,0.9,2.3,2.3,,0:16,-6.5,3.3,3.3,,1:15,2.9,1.4,8.4,mannibr01
107,Brandon Montour,ANA,D,0:50,80,,17:00,2,2.8,2.3,,2:14,-1.1,5.8,0.3,,1:12,4.2,2.5,7.5,montobr01
108,Brandon Pirri,VEG,C,0:58,2,,15:16,8.5,5.9,0,,2:20,13.1,0,0,,0:00,,,,pirribr01
109,Brandon Saad,CHI,LW,0:30,82,,13:39,5.7,2.7,3.1,,2:07,-2.2,6.2,0.7,,1:42,3.7,0,6.4,saadbr01
110,Brandon Sutter,VAN,C/RW,0:48,61,,14:00,-6.8,2.2,1.9,,0:12,-11.1,0,0,,3:05,-0.7,1.3,8.3,suttebr03
111,Brandon Tanev,WPG,LW,0:40,61,,10:37,-0.3,2.3,1.5,,0:04,-19.9,0,0,,1:57,-6.5,2,6.5,tanevbr01
112,Brayden McNabb,VEG,D,0:40,76,,17:21,-0.3,3.4,2.4,,0:04,-6.4,0,0,,2:43,-1.4,1.1,6.5,mcnabbr01
113,Brayden Point,TBL,C,0:46,82,,15:18,0.5,3.3,2.6,,2:18,-1.6,8,0.6,,2:00,2.2,1.8,9.9,pointbr01
114,Brayden Schenn,STL,C,0:49,82,,15:58,4.4,3.4,2.7,,3:11,1.4,6.7,1.4,,0:32,6.4,0,2.7,schenbr01
115,Braydon Coburn,TBL,D,0:39,72,,13:53,-3,2.5,2.4,,0:01,,0,0,,2:05,1,0.8,7.6,coburbr01
116,Brendan Gallagher,MTL,RW,0:49,82,,13:27,5.3,2.7,3.2,,2:26,-1.4,9.3,1.5,,0:14,10.1,2.4,14.4,gallabr01
117,Brendan Gaunce,VAN,C,0:40,37,,11:25,-1.2,1.7,1.7,,0:02,15.3,35,0,,1:50,9.8,0,8.9,gauncbr01
118,Brendan Guhle,BUF,D,0:37,18,,16:45,4.3,2.8,4,,0:55,-18.2,0,0,,0:25,10.4,0,15.9,guhlebr01
119,Brendan Leipsic,TOT,LW,0:52,58,,12:17,0.5,2.9,3.7,,0:51,7.5,7.9,0,,0:00,,0,0,leipsbr01
120,Brendan Lemieux,WPG,LW,0:44,9,,7:25,2.8,2.7,0.9,,0:31,-17.1,0,0,,0:00,,,,lemiebr01
121,Brendan Perlini,ARI,LW,0:33,74,,12:43,-1,2.5,2.4,,1:46,-4.5,7.6,1.8,,0:01,-11.2,0,0,perlibr01
122,Brendan Smith,NYR,D,0:36,44,,15:41,0.9,2.9,2.8,,0:03,13.2,25.5,0,,1:25,3.3,0,12.4,smithbr05
123,Brenden Dillon,SJS,D,0:38,81,,15:50,0.5,2.7,3.1,,0:02,-6.3,0,0,,1:26,6.9,1,4.1,dillobr01
124,Brent Burns,SJS,D/RW,0:47,82,,20:03,5.8,2.3,3,,3:40,4.5,8.3,0.4,,1:30,4.6,1.9,4.4,burnsbr01
125,Brent Seabrook,CHI,D,0:35,81,,15:57,-1.1,2.6,2.8,,2:06,-1.3,5.3,0.7,,2:07,-3.4,0.7,9,seabrbr01
126,Brett Connolly,WSH,RW,0:42,70,,10:32,-1.6,2.8,3.1,,1:26,-8.8,6.5,1.2,,0:00,57.1,0,0,connobr01
127,Brett Kulak,CGY,D,0:41,71,,12:39,-2,2.4,2.6,,0:02,12.2,0,0,,0:16,-4.3,0,6.7,kulakbr01
128,Brett Lernout,MTL,D,0:35,18,,15:29,-2.6,1.1,2.4,,0:00,,0,0,,1:13,10.6,2.7,8.1,lernobr01
129,Brett Pesce,CAR,D,0:49,65,,18:16,-0.5,2.4,2.7,,0:17,-12,3.2,0,,2:21,-0.4,0.4,9,pescebr01
130,Brett Ritchie,DAL,RW,0:32,71,,9:23,5.7,2,1.7,,1:26,1.7,5.3,1.2,,0:00,-12.3,,,ritchbr01
131,Brian Boyle,NJD,C,0:32,69,,10:58,1.3,2.2,2.8,,2:03,0.3,7.2,0.4,,0:15,-10.5,0,13.8,boylebr01
132,Brian Dumoulin,PIT,D,0:48,80,,17:51,1.1,2.7,3,,0:13,-16.5,0,0,,2:31,-0.5,0.3,7.4,dumoubr01
133,Brian Gibbons,NJD,C,0:30,59,,11:33,-4.3,2.7,2.3,,0:03,-52.7,0,0,,2:47,-5.7,1.4,5,gibbobr02
134,Brian Gionta,BOS,RW,0:38,20,,10:50,0.3,1.1,0.8,,1:53,-0.4,11.1,3.2,,0:20,-0.9,0,0,giontbr01
135,Brian Lashoff,DET,D,0:52,1,,2:59,-7.6,0,0,,0:00,,,,,1:03,0,0,0,lashobr01
136,Brock Boeser,VAN,RW,0:44,62,,14:31,0.5,3.1,3.2,,2:55,5.5,9.9,1,,0:02,18.3,0,0,boesebr01
137,Brock McGinn,CAR,LW,0:42,80,,12:57,-0.1,2.3,2.9,,0:20,-4.5,7,2.3,,1:12,5.9,0.6,8.1,mcginbr01
138,Brock Nelson,NYI,C,0:29,82,,12:14,-2.7,2.4,2.5,,1:49,-6.4,5.4,1.2,,0:39,0.4,0,7,nelsobr01
139,Brooks Laich,LAK,C,0:44,12,,9:43,-10.4,1,3.6,,0:02,,,,,1:25,2.3,0,0,laichbr01
140,Brooks Orpik,WSH,D,0:44,81,,16:13,-6.5,2,2.5,,0:01,-63.3,0,0,,3:06,-8.2,0.2,6.6,orpikbr01
141,Bryan Little,WPG,RW,0:43,82,,13:43,-0.7,2.7,2.6,,2:10,4.2,7.4,0.7,,1:02,-0.2,0.7,6.4,littlbr01
142,Bryan Rust,PIT,RW,0:35,69,,13:53,4.9,2.8,2.3,,0:45,-0.6,5.5,0,,1:23,3.7,1.9,6.8,rustbr01
143,Byron Froese,MTL,C,1:02,48,,10:21,-4.5,1.8,1.8,,0:02,-35.1,0,0,,1:11,-3.4,0,10.5,froesby01
144,Cal Clutterbuck,NYI,RW,0:42,76,,10:34,-7.8,2.3,2.9,,0:05,-12.3,0,9.8,,2:06,0.1,0.7,7.9,cluttca01
145,Cal O'Reilly,MIN,C,0:44,1,,7:56,-24,0,0,,0:00,,,,,0:20,100,0,0,oreilca01
146,Calle Järnkrok,NSH,C,0:31,68,,12:55,-4.4,2.8,1.6,,0:40,3.8,5.3,0,,2:16,-0.2,0.8,5.8,jarnkca01
147,Calle Rosén,TOR,D,0:38,4,,12:21,-0.2,1.2,4.9,,0:25,-19,0,0,,0:00,,,,rosenca01
148,Calvin de Haan,NYI,D,0:43,33,,16:17,-1.3,3.7,2.6,,0:05,-35.8,0,0,,2:21,2.5,1.5,11.6,dehaaca01
149,Cam Atkinson,CBJ,RW,0:41,65,,14:43,0.5,3.6,2.3,,2:45,7.8,7.1,1,,1:25,-2.4,0.6,9.5,atkinca01
150,Cam Fowler,ANA,D,0:49,67,,19:51,0.3,2.4,2.4,,2:36,4.5,5.6,1,,2:23,2.4,1.9,6.4,fowleca01
151,Carl Dahlström,CHI,D,0:37,11,,16:03,-5.9,3.1,3.7,,0:01,,0,0,,1:26,-2,0,3.8,dahlsca01
152,Carl Gunnarsson,STL,D,0:37,63,,14:50,-6.3,2.4,1.5,,0:02,-53.8,0,0,,1:16,-0.9,0,7.5,gunnaca01
153,Carl Hagelin,PIT,LW,0:38,81,,13:20,2.2,2.7,2.3,,0:03,-21.8,0,0,,2:32,1.9,0.3,6.4,hagelca01
154,Carl Söderberg,COL,C,0:40,77,,13:01,-2.1,2.4,2.4,,1:54,-1.8,4.8,1.6,,2:25,0.5,1.3,5.5,soderca01
155,Carson Soucy,MIN,D,0:39,3,,14:11,-6.7,0,2.8,,0:01,,,,,0:37,21.8,0,0,soucyca01
156,Carter Rowney,PIT,RW,0:27,44,,7:04,-6.4,1.2,3.9,,0:02,15.1,0,0,,2:13,-8.9,0.6,6.7,rowneca01
157,Casey Cizikas,NYI,C,0:49,64,,10:50,-5.9,2.4,3.5,,0:04,-27.7,0,15.7,,2:18,0.1,0.8,7,cizikca01
158,Casey Mittelstadt,BUF,C,0:37,6,,11:52,-4.2,4.2,3.4,,2:09,-12.9,14,0,,0:00,,,,mitteca01
159,Casey Nelson,BUF,D,0:36,37,,17:24,-0.1,1.7,3.3,,0:21,-8.8,3.6,0,,1:00,12.9,4.8,9.6,nelsoca01
160,Cédric Paquette,TBL,C,0:42,56,,9:35,-3.6,1.8,2.3,,0:04,-7.4,24.3,0,,0:32,-1.6,0,15.9,paquece01
161,Chad Ruhwedel,PIT,D,0:37,44,,15:01,-1.5,1.7,2.4,,0:08,2.8,0,0,,0:33,1,0,14.7,ruhwech01
162,Chandler Stephenson,WSH,C,0:46,67,,10:24,-5,2.7,1.6,,0:09,-18.9,0,0,,1:18,-2.7,0,4.8,stephch02
163,Charles Hudon,MTL,LW,0:33,72,,12:30,1.8,2.2,3,,1:30,-2.4,6.3,1.1,,0:00,89.2,10,0,hudonch01
164,Charlie Coyle,MIN,C/RW,0:50,66,,14:08,-3,3,2.4,,1:22,-1.3,5.3,1.3,,1:01,6.9,0.9,4.5,coylech01
165,Charlie McAvoy,BOS,D,0:43,63,,19:21,2,3.2,2.2,,1:59,-7,5.9,0.9,,0:48,8,2.4,7.3,mcavoch01
166,Chase Balisy,FLA,C,0:34,8,,8:17,2.9,0,1.8,,0:00,,,,,1:31,-5.8,0,4.9,balisch01
167,Chris Bigras,COL,D,0:30,15,,11:51,-8.5,1,2,,0:21,-13.6,10.9,0,,1:38,5,0,4.8,bigrach01
168,Chris Butler,STL,D,0:40,6,,12:39,-1.3,3.2,2.4,,0:19,3.3,0,0,,0:19,-11.6,0,0,butlech01
169,Chris Kelly,ANA,C/LW,0:28,12,,7:01,-9.4,3.6,2.8,,0:00,,,,,0:38,-4.7,0,0,kellych01
170,Chris Kreider,NYR,C,0:49,58,,13:00,6.9,2.7,2.7,,2:34,0.8,10,0.8,,0:01,87.5,0,0,kreidch01
171,Chris Kunitz,TBL,LW,0:39,82,,11:03,-1.7,2.4,2,,0:14,10.3,3,0,,0:39,3.2,2.3,6.8,kunitch01
172,Chris Stewart,TOT,RW,0:53,54,,10:18,-3.3,2.5,5.7,,0:25,13.1,0,0,,0:00,,,,stewach02
173,Chris Tanev,VAN,D,0:44,42,,16:30,-1.8,2.9,2.5,,0:11,-17.3,7.5,7.5,,3:04,-11.8,1.9,8.4,tanevch01
174,Chris Thorburn,STL,RW,1:03,50,,7:00,-6.5,1.9,2.6,,0:01,,0,0,,0:00,-16.7,0,0,thorbch01
175,Chris Tierney,SJS,C,0:44,82,,13:26,-2.4,2.5,2.8,,0:59,-2,6.9,0,,1:33,2.3,1.4,5.6,tiernch01
176,Chris Wagner,TOT,C,0:40,79,,10:39,-3.2,1.2,2,,0:22,-6.8,7.5,0,,2:14,-3.3,0.8,6.2,wagnech01
177,Chris Wideman,OTT,D,0:48,16,,9:22,7,4,1.2,,2:07,-7,5.3,3.5,,0:03,,0,0,widemch01
178,Christian Djoos,WSH,D,0:33,63,,13:43,5.3,3.2,2.3,,0:14,-1,0,0,,0:03,-10.7,0,0,djoosch01
179,Christian Dvorak,ARI,C,0:39,78,,13:19,0.9,2.6,3.4,,1:48,-4.6,5.9,1.7,,1:17,0.8,0,9.3,dvorach01
180,Christian Fischer,ARI,RW,0:35,79,,11:43,1,2.2,2.9,,2:09,1.9,6.5,1.7,,0:01,-11.6,0,0,fischch01
181,Christian Folin,LAK,D,0:36,65,,14:31,-0.8,2.2,2.3,,0:03,-61,0,0,,1:04,1.9,1.6,4.1,folinch01
182,Christián Jaroš,OTT,D,0:26,2,,7:58,1.2,0,0,,0:00,,,,,0:00,,,,jarosch01
183,Christian Wolanin,OTT,D,0:54,10,,13:10,5.4,2.3,4.1,,1:24,2,4.3,0,,0:04,,0,0,wolanch01
184,Christoph Bertschy,MIN,C,0:32,1,,5:20,-16.9,11.3,0,,0:03,,0,0,,0:00,,,,bertsch02
185,Christopher DiDomenico,OTT,C,0:44,24,,10:16,0.9,2.7,3.2,,1:31,-2.8,8.2,3.3,,0:00,,,,didomch01
186,Claude Giroux,PHI,LW,0:39,82,,16:05,5.6,4.1,2.6,,3:28,6.6,10.9,1.1,,0:47,8.3,0,6.3,giroucl01
187,Clayton Keller,ARI,C,0:41,82,,14:56,1.7,2.8,3,,3:00,7.6,6.7,1.2,,0:08,26.7,3.8,3.8,kellecl01
188,Cody Ceci,OTT,D,0:49,82,,19:56,-6.1,2.3,3.3,,0:38,-2.1,9.2,1.1,,2:46,-9.8,0.5,7.7,cecico01
189,Cody Eakin,VEG,C,0:41,80,,12:27,-4.7,2.2,2.9,,0:28,0.5,0,0,,1:36,3,2.1,7.7,eakinco01
190,Cody Franson,CHI,D,0:30,23,,14:23,9.2,1.8,1.8,,2:10,0.5,8.4,1.2,,0:03,21.8,0,0,fransco01
191,Cody McLeod,TOT,LW,0:19,48,,7:22,-10.1,1.9,1.9,,0:00,,0,0,,0:00,,0,0,mcleoco01
192,Colby Cave,BOS,C,0:31,3,,10:18,-0.2,0,0,,0:00,,,,,1:09,20.2,0,0,caveco01
193,Colin Miller,VEG,D,0:48,82,,15:54,7.3,2.7,2.6,,2:26,-0.8,6.9,0.9,,0:58,9.8,0.6,6.5,milleco02
194,Colin White,OTT,C,0:23,21,,12:38,-2.1,2.7,2.3,,0:39,2.7,4.3,4.3,,0:02,8.2,0,0,whiteco02
195,Colin Wilson,COL,C,0:48,56,,11:05,0.2,1.8,2.1,,2:00,2.3,4.6,1,,0:01,-9.1,0,0,wilsoco01
196,Colton Parayko,STL,D,0:45,82,,18:46,2,2.4,2.6,,1:56,-0.5,4.9,0.8,,1:54,0.5,0.4,6.6,parayco01
197,Colton Sceviour,FLA,C/RW,0:48,76,,11:02,-3.8,2.3,2.2,,0:03,-1,0,0,,2:20,-2.1,1.4,7.8,scevico01
198,Colton Sissons,NSH,C,0:41,81,,11:50,-1.4,2.2,2.4,,1:56,2.5,8.8,0.4,,2:18,-4.6,1.6,9.3,sissoco01
199,Connor Brickley,FLA,C,0:38,44,,10:55,-3.6,1.9,2.7,,0:05,-8.7,0,0,,0:52,-0.6,0,7.8,brickco01
200,Connor Brown,TOR,RW,0:28,82,,12:00,-1.3,2.9,2.9,,1:10,-1.1,4.3,0.6,,1:49,-2,0.4,7.8,brownco02
201,Connor Carrick,TOR,D,0:43,47,,14:47,3.2,2.7,2.3,,0:18,7.3,6.5,0,,0:01,-11.8,0,0,carrico01
202,Connor McDavid,EDM,C,0:58,82,,17:29,3.8,4,3.2,,2:57,1.3,5.3,1,,1:05,5.8,3,6.1,mcdavco01
203,Connor Murphy,CHI,D,0:28,76,,15:09,1.2,2.3,2.4,,0:05,-20.8,0,0,,1:07,-0.9,0.7,7,murphco02
204,Conor Sheary,PIT,LW,0:45,79,,12:44,-0.3,2.8,2.7,,1:11,-1.8,4.9,0,,0:00,-11.9,0,52.2,shearco01
205,Corey Perry,ANA,RW,0:47,71,,15:05,-0.2,3.1,3.3,,2:39,4.1,7.3,0.6,,0:01,-15.4,0,0,perryco01
206,Cory Conacher,TBL,LW,0:45,36,,9:34,-2.2,2.1,2.1,,0:24,-7.8,3.8,0,,0:00,,0,0,conacco01
207,Craig Smith,NSH,C,0:49,79,,13:01,8.3,3.1,1.9,,2:20,-1.5,8.8,0.7,,0:00,20.9,0,0,smithcr01
208,Curtis Lazar,CGY,C/RW,0:41,65,,9:20,-3.1,1.8,2.6,,0:04,-30.5,0,0,,0:26,3.6,0,2.2,lazarcu01
209,Curtis McKenzie,DAL,LW,0:33,7,,7:28,0.7,3.4,0,,0:37,21.4,0,0,,0:00,,,,mckencu01
210,Curtis Valk,FLA,LW,0:38,1,,3:25,3.2,0,0,,0:00,,,,,0:00,,,,valkcu01
211,Dakota Mermis,ARI,D,0:45,9,,10:52,0.3,1.2,2.5,,0:06,-9.1,0,0,,0:00,-10.8,0,0,mermida01
212,Dale Weise,PHI,RW,0:45,46,,10:10,-4.4,1.2,2.1,,0:22,0.9,3.4,0,,0:01,-13.5,0,57.1,weiseda01
213,Dalton Prout,NJD,D,0:43,4,,13:22,4.7,3.4,5.6,,0:01,,,,,0:36,17.2,0,0,proutda01
214,Damon Severson,NJD,D,1:00,76,,17:40,2.1,2.7,3.1,,1:37,1.1,4.3,0,,0:22,3,0,7.5,severda01
215,Dan Girardi,TBL,D,0:45,77,,14:49,-4,3.1,2.3,,0:04,-40.3,7.8,0,,2:29,2.9,0.9,10.7,girarda01
216,Dan Hamhuis,DAL,D,0:34,80,,17:10,-1.2,2.5,2.7,,0:20,3.2,4.4,4.4,,2:40,-0.8,0.8,8.2,hamhuda01
217,Danick Martel,PHI,LW,0:39,4,,10:13,-6.1,1.5,2.9,,0:00,,,,,0:00,,,,marteda01
218,Daniel Brickley,LAK,D,0:59,1,,10:48,6,5.6,0,,0:00,,,,,0:00,,,,brickda01
219,Daniel Carr,MTL,LW,1:03,38,,11:00,-0.9,2.5,2.2,,1:07,-4.1,6.5,0,,0:00,,0,0,carrda01
220,Daniel Catenacci,NYR,C,0:52,1,,11:03,-16.5,0,5.4,,0:00,,,,,0:00,,,,catenda01
221,Daniel Sedin,VAN,LW,0:45,81,,12:22,7.3,2.3,3.2,,2:53,-2,8.4,1.5,,0:00,-15.8,0,63.2,sedinda01
222,Daniel Sprong,PIT,RW,0:37,8,,12:46,10.9,2.9,1.8,,1:11,-5.1,0,0,,0:01,-7.5,0,0,spronda01
223,Daniel Winnik,MIN,C/LW,0:37,81,,11:41,-3.1,2.5,2.3,,0:03,-16,13.1,0,,1:48,-7.3,0.4,6.6,winnida01
224,Danny DeKeyser,DET,D,0:41,65,,17:57,0.8,2.4,2.4,,0:09,-4.7,0,0,,2:12,-1.7,1.3,9.2,dekeyda01
225,Danny O'Regan,TOT,C,0:47,21,,9:07,-10.2,7.2,3.6,,0:38,-27.8,0,0,,0:11,,,,oregada01
226,Danton Heinen,BOS,C/LW,0:30,77,,12:43,1.9,3,2,,2:00,-4.6,7.1,2.6,,0:17,3,2.8,2.8,heineda01
227,Darnell Nurse,EDM,D,0:44,82,,19:32,0,2.9,2.4,,0:28,-2.5,1.3,0,,2:13,-2.2,0.6,7.3,nurseda01
228,Darren Archibald,VAN,RW,0:40,27,,12:01,-7.5,1.7,2.2,,0:02,,0,0,,2:47,-3.8,0.8,8,archida02
229,Darren Helm,DET,C/LW,0:42,75,,13:25,-3,2.1,2.3,,0:07,-10.6,6.3,0,,2:00,-1.5,2.4,8.7,helmda01
230,David Backes,BOS,C,0:38,57,,13:13,2.6,2.7,2.5,,1:57,-4.4,6.6,1,,0:12,38.4,4.9,0,backeda01
231,David Booth,DET,LW,0:40,28,,6:48,-9.3,1.3,2.8,,0:07,9,18.2,0,,0:02,-12.9,0,0,boothda01
232,David Desharnais,NYR,C,0:37,71,,11:37,-2.9,2.1,3.6,,1:25,-2.2,5.9,0.6,,0:00,,,,deshada01
233,David Kämpf,CHI,C,0:37,46,,11:14,-0.5,1.7,2.9,,0:04,-3.2,0,0,,1:28,3.2,0.9,8.8,kampfda01
234,David Krejčí,BOS,C,0:55,64,,14:23,1.4,3.6,2.9,,2:13,-1.8,8.4,0.8,,0:15,3.2,3.8,7.7,krejcda01
235,David Pastrňák,BOS,RW,0:53,82,,14:51,3.1,3.5,2.7,,3:05,3.5,10.2,1.6,,0:00,,0,0,pastrda01
236,David Perron,VEG,LW,0:43,70,,15:04,-1.7,3.5,3.3,,2:31,-4.4,9.1,1.3,,0:12,8.9,0,2.3,perroda01
237,David Savard,CBJ,D,0:39,81,,16:59,-3.4,2.9,2.8,,0:10,-20.5,8,4,,2:12,-2.8,0.6,9.4,savarda01
238,David Schlemko,MTL,D,0:40,37,,15:53,-2.2,2.5,2.2,,1:02,-6.6,6.7,0,,1:08,0.7,0,11.4,schleda01
239,David Warsofsky,COL,D,0:44,16,,12:31,2.8,2.7,1.5,,0:03,,0,0,,0:48,-1.2,0,9.2,warsoda01
240,Dean Kukan,CBJ,D,0:44,11,,12:02,1.4,4.1,3.2,,0:05,6.4,0,0,,0:13,11.7,0,0,kukande01
241,Denis Malgin,FLA,C,0:39,51,,12:36,2.2,2.7,2.3,,1:13,-2.6,9.6,0.9,,0:00,85.2,0,0,malgide01
242,Dennis Rasmussen,ANA,C,0:39,27,,7:45,-2.4,2.3,1.4,,0:03,-89.7,0,0,,1:06,10,2,2,rasmude01
243,Dennis Seidenberg,NYI,D,0:38,28,,15:25,-7.5,2.6,3.9,,0:02,-88.4,0,0,,2:24,-4.1,0,9.8,seidede01
244,Derek Dorsett,VAN,RW,0:41,20,,12:30,-8,1.9,2.6,,0:04,,0,0,,2:42,5.5,2.2,8.9,dorsede01
245,Derek Forbort,LAK,D,0:36,78,,17:58,-0.3,2.7,2.1,,0:07,-17.5,0,0,,2:42,-4.7,0.6,5.9,forbode01
246,Derek Grant,ANA,C,0:34,66,,9:39,-1,2.6,2.3,,0:37,-2.3,4.2,0,,0:48,-7.6,0,6.7,grantde01
247,Derek MacKenzie,FLA,C,0:43,75,,8:58,-3.5,1.4,2.7,,0:02,-21.9,0,0,,2:18,-5.1,1.8,10.2,mackede01
248,Derek Ryan,CAR,C,0:42,80,,13:12,3.2,2.6,3.2,,2:01,-1.5,5.9,1.1,,0:22,3.2,0,6.1,ryande01
249,Derek Stepan,ARI,C,0:38,82,,15:29,2.1,2.8,3,,2:36,2.4,6.9,1.7,,1:11,2.4,1.2,7.1,stepade01
250,Derick Brassard,TOT,C,0:48,72,,15:06,5.6,3.6,3.6,,2:31,-0.7,6.2,0.4,,0:06,10.7,0,0,brassde01
251,Derrick Pouliot,VAN,D,0:38,71,,16:03,3.7,2.1,3.1,,1:34,1.6,7.4,1.6,,0:13,8,4.1,4.1,poulide01
252,Deryk Engelland,VEG,D,0:44,79,,17:14,-4.8,2.8,2.9,,0:04,-10.1,0,0,,2:57,-4.2,1.5,5.6,engelde01
253,Devante Smith-Pelly,WSH,RW,0:36,75,,11:20,-4.7,2,2.4,,0:01,,0,0,,0:58,-4.6,0,5.8,smithde06
254,Devin Shore,DAL,C,0:37,82,,12:10,-3.5,1.4,3.1,,1:49,-0.9,8.8,0.8,,1:25,-1.4,1.6,7.8,shorede01
255,Dillon Heatherington,DAL,D,0:40,6,,10:16,-4.6,3.9,1,,0:00,,,,,0:34,12.5,0,0,heathdi01
256,Dion Phaneuf,TOT,D,0:43,79,,16:31,-4.3,1.2,2.1,,1:57,6.8,11.7,1.1,,1:30,6.7,0,5.5,phanedi01
257,Dmitrij Jaškin,STL,RW,0:39,76,,11:55,1.2,2.3,1.9,,0:28,-5.2,1.7,0,,0:02,19.1,0,21.7,jaskidm01
258,Dmitry Kulikov,WPG,D,0:48,62,,14:29,-1.5,2.6,2.3,,0:03,-27,14.1,0,,2:31,-1.5,0.8,6.1,kulikdm01
259,Dmitry Orlov,WSH,D,0:44,82,,19:59,2.4,2.9,2.5,,1:10,-4.3,5.6,1.3,,1:58,5.9,0.4,6.3,orlovdm01
260,Dominic Moore,TOR,C,0:32,50,,9:01,-0.7,2.4,2.1,,0:03,-87.7,0,0,,1:13,-0.7,1,8.8,mooredo01
261,Dominic Toninato,COL,C,0:29,37,,7:39,1,1.5,1.5,,0:02,-87.1,0,0,,0:12,-2.4,0,8,tonindo01
262,Dominic Turgeon,DET,C,0:40,5,,7:17,-14,0,3.3,,0:02,,0,0,,1:54,-7.7,0,6.3,turgedo01
263,Dominik Simon,PIT,C,0:27,33,,10:53,2.3,3.4,3,,0:31,-10.4,2.6,0,,0:00,-12,0,0,simondo01
264,Dougie Hamilton,CGY,D,0:52,82,,18:21,6.7,3,2.8,,2:39,-1.7,4.3,0.5,,0:30,15,1.5,7.5,hamildo01
265,Drake Caggiula,EDM,LW,0:48,67,,11:50,-3.6,2.1,3.2,,0:58,3.6,7.3,0,,0:44,0.1,1.1,12.2,caggidr01
266,Drew Doughty,LAK,D,0:34,82,,20:55,5.4,3.3,2.5,,3:09,5,8.4,0.2,,2:45,-3,0.8,4.2,doughdr01
267,Drew Stafford,NJD,RW,1:01,59,,11:55,-0.1,1.7,3.3,,1:54,7.1,5.3,0.5,,0:01,18.4,0,0,staffdr01
268,Dryden Hunt,FLA,LW,0:43,11,,10:28,-3.3,0,2.6,,0:04,,,,,0:00,-16,0,600,huntdr01
269,Duncan Keith,CHI,D,0:38,82,,18:48,-0.3,2.3,3.3,,2:35,-0.3,3.9,1.1,,2:25,-0.7,0.3,8.4,keithdu01
270,Duncan Siemens,COL,D,0:51,16,,9:42,4.4,1.5,3.5,,0:00,,,,,2:36,0.2,0,1.4,siemedu01
271,Dustin Brown,LAK,RW,0:33,81,,15:16,4.6,3.7,2.3,,2:43,4.4,8.8,0.5,,1:50,1.2,0.8,2.8,browndu01
272,Dustin Byfuglien,WPG,D,0:42,69,,20:00,1.4,3,2.3,,3:03,-5.8,11.1,1.4,,1:16,1.8,2,7.5,byfugdu01
273,Dylan DeMelo,SJS,D,0:36,63,,13:27,0.2,2.7,2.8,,0:27,-1,7.4,0,,0:17,12.6,0,13.4,demeldy01
274,Dylan Gambrell,SJS,C,0:49,3,,10:33,-3.7,1.9,3.8,,0:00,,,,,0:00,,,,gambrdy01
275,Dylan Larkin,DET,C,0:39,82,,15:41,2.9,3,3.5,,2:09,-2.6,5.7,1.4,,1:59,3.5,1.8,6.6,larkidy01
276,Dylan Sikura,CHI,C,0:47,5,,12:36,-5.4,3.8,1,,0:48,-43.3,15,15,,0:00,,,,sikurdy01
277,Dylan Strome,ARI,C,0:30,21,,11:21,3.6,2.5,1.5,,1:30,-2.4,4,0,,0:04,-8.5,0,0,stromdy01
278,Eeli Tolvanen,NSH,RW,0:38,3,,11:21,-18.7,0,0,,0:45,-33.3,0,0,,0:00,,,,tolvaee01
279,Elias Lindholm,CAR,C,0:51,81,,13:55,-1.7,2.6,3.1,,2:37,3.7,6.8,0.3,,1:20,-1.1,1.7,7.7,lindhel01
280,Eric Fehr,TOT,RW,0:33,18,,10:12,1.3,4.6,1.9,,0:01,,0,0,,1:32,17.4,0,4.7,fehrer01
281,Eric Gryba,EDM,D,0:42,21,,13:19,1.7,3.3,3,,0:00,,,,,1:26,3.4,4.1,6.1,grybaer01
282,Eric Robinson,CBJ,LW,0:40,1,,11:05,14.5,5.4,0,,0:16,,,,,0:00,,,,robiner01
283,Eric Staal,MIN,C,0:34,82,,14:32,3.5,3.9,3.5,,2:10,-4,7.4,1,,1:04,-1.8,2,7.5,staaler01
284,Erik Burgdoerfer,OTT,D,0:53,2,,13:25,2.9,4.5,0,,0:00,,,,,0:00,,,,burgder01
285,Erik Gudbranson,VAN,D,0:36,52,,15:50,-6,1.5,2,,0:02,15.6,0,0,,2:32,0.7,0,10.9,gudbrer01
286,Erik Gustafsson,CHI,D,0:44,35,,17:06,6.6,3.4,3.2,,1:25,2,7.3,1.2,,0:01,-11.5,0,0,gustaer02
287,Erik Haula,VEG,LW,0:42,76,,14:27,-1.1,3.1,3.7,,2:22,-6.2,8.7,1.3,,0:31,6,0,5.5,haulaer01
288,Erik Johnson,COL,D,0:48,62,,19:59,-0.1,2.9,2.9,,1:46,0.7,5.8,2.1,,3:40,-1.6,1.3,7.7,johnser01
289,Erik Karlsson,OTT,D,0:37,71,,21:57,6.4,2.9,3.7,,3:19,2.1,6.1,1,,1:27,9.5,1.1,10.8,karlser01
290,Esa Lindell,DAL,D,0:38,80,,18:34,1.4,2.9,2.1,,1:34,-3.1,4.8,1,,1:54,0.5,0.4,7.1,lindees01
291,Ethan Bear,EDM,D,0:29,18,,16:36,-2.5,1.6,3.6,,1:49,-15.5,9.1,1.8,,0:11,-20.2,0,34.1,bearet01
292,Evan Rodrigues,BUF,C,0:36,48,,11:34,3.7,2.4,3.5,,2:05,0.1,5.8,0,,0:16,-0.5,0,13.8,rodriev01
293,Evander Kane,TOT,LW,0:43,78,,16:17,5.4,2.4,3.2,,2:34,-3.5,4.5,1.6,,0:42,8.8,4,2.6,kaneev01
294,Evgeni Malkin,PIT,C,0:44,78,,15:14,1.4,4,3,,3:40,-0.5,10,0.6,,0:04,22.1,0,16.5,malkiev01
295,Evgenii Dadonov,FLA,RW,0:46,74,,15:22,6.3,3.7,3.1,,3:19,-1.2,6.4,0.7,,0:00,,,,dadonev01
296,Evgeny Kuznetsov,WSH,C,0:53,79,,15:19,0.5,3.3,3,,3:25,8.6,10.4,1.5,,0:03,70.1,12.8,0,kuzneev01
297,Evgeny Svechnikov,DET,LW,0:35,14,,8:49,-1.4,2.4,3.4,,0:00,,,,,0:00,,,,svechev01
298,Filip Chlapík,OTT,C,0:37,20,,9:27,1.2,1.3,2.9,,0:36,7.5,4.9,0,,0:00,,0,0,chlapfi01
299,Filip Chytil,NYR,C,0:36,9,,13:12,-7.2,1.5,4,,0:22,-2.8,0,0,,0:02,,,,chytifi01
300,Filip Forsberg,NSH,C,0:33,67,,14:00,3.2,3.9,2.1,,2:53,1,8.7,0.9,,0:33,7,1.6,3.1,forsbfi01
301,François Beauchemin,ANA,D,0:34,67,,15:06,-2.5,2.8,2.2,,0:31,-9.4,3.4,1.7,,1:40,-2.8,1.6,4.8,beaucfr01
302,Frank Corrado,PIT,D,0:43,5,,11:30,-2.7,0,1,,0:00,,,,,0:00,,,,corrafr01
303,Frank Vatrano,TOT,LW,0:20,41,,10:07,5.1,1.4,1.9,,0:42,-1.2,0,3.5,,0:00,,,,vatrafr01
304,Frans Nielsen,DET,C,0:38,79,,12:48,-1,2.1,2.2,,0:52,2.5,9.5,0.9,,2:08,-0.2,1.4,8.9,nielsfr01
305,Freddie Hamilton,TOT,C,0:30,16,,8:39,3.7,1.5,0.8,,0:00,,,,,0:18,-13,0,19.9,hamilfr01
306,Frédérick Gaudreau,NSH,C,0:37,20,,9:02,-3.6,2.3,2.3,,0:00,-88.9,0,0,,0:06,-12,0,0,gaudrfr01
307,Frederik Gauthier,TOR,C,0:28,9,,7:22,-16.2,0.9,5.5,,0:03,,0,0,,1:18,25.8,4.8,4.8,gauthfr01
308,Fredrik Claesson,OTT,D,0:36,64,,13:59,-1.3,1.9,2.3,,0:03,1,34,0,,1:18,5.7,0,6.5,claesfr01
309,Gabriel Bourque,COL,LW,0:29,58,,9:00,-9.3,1.4,2.1,,0:00,,0,0,,1:53,-3.7,0,6.1,bourqga01
310,Gabriel Carlsson,CBJ,D,0:43,14,,11:04,-2.7,1.9,1.9,,0:00,,0,0,,0:14,-2.8,0,0,carlsga01
311,Gabriel Dumont,TOT,C,0:53,30,,8:06,-2.5,1.4,1.4,,0:01,,,,,0:53,0.3,2.3,4.7,dumonga01
312,Gabriel Landeskog,COL,LW,0:48,78,,15:26,3.7,3.8,2.6,,3:35,0.5,9.1,1.7,,1:07,-2.1,0.7,5.5,landega01
313,Garnet Hathaway,CGY,RW,0:47,59,,10:21,-0.7,2.4,2.4,,0:02,-87.2,0,0,,1:08,5.6,2.8,3.7,hathaga01
314,Gemel Smith,DAL,C,0:38,46,,9:15,3.3,2.2,1.4,,0:02,,0,0,,0:07,18.1,0,0,smithge02
315,Giovanni Fiore,ANA,LW,0:39,1,,6:30,-17.2,0,9.2,,1:23,0,0,0,,0:00,,,,fioregi01
316,Greg McKegg,PIT,C,0:28,26,,8:25,-4.2,1.6,3,,0:08,10.3,0,0,,1:07,7.4,2.1,14.4,mckeggr01
317,Greg Pateryn,DAL,D,0:39,73,,16:58,-1.7,2.3,2.1,,0:03,13.5,0,0,,2:35,-4.1,1,8.6,patergr01
318,Gustav Forsling,CHI,D,0:36,41,,15:27,-6.8,2.7,3.2,,1:09,4.3,6.3,0,,2:31,-1.1,1.7,7,forslgu02
319,Gustav Nyquist,DET,RW,0:35,82,,15:23,3.3,2.3,2.3,,2:27,0.7,6.6,0.3,,0:00,,0,0,nyquigu01
320,Gustav Olofsson,MIN,D,0:35,41,,12:27,-1.3,2.4,2.4,,0:03,12.2,0,0,,0:15,-2.2,0,5.4,olofsgu01
321,Hampus Lindholm,ANA,D,0:43,69,,18:35,4.7,3.1,2.3,,1:46,-4,6.6,0.5,,2:22,-2.3,0.7,6.6,lindhha01
322,Haydn Fleury,CAR,D,0:43,67,,15:46,-4.5,2.1,2.2,,0:06,10.6,0,0,,0:54,-0.9,0,5,fleurha01
323,Henrik Borgström,FLA,C,0:39,4,,11:19,-9,2.6,4,,1:20,0,11.2,0,,0:00,,,,borgshe01
324,Henrik Haapala,FLA,LW,0:40,5,,11:54,-4.9,1,1,,1:47,5,6.7,0,,0:00,,,,haapahe01
325,Henrik Sedin,VAN,C,0:45,82,,12:38,5.6,2.4,3.3,,2:53,-2,8.3,1.5,,0:00,,0,0,sedinhe01
326,Henrik Zetterberg,DET,C,0:43,82,,16:51,2.7,2.3,2.3,,2:37,1.8,7,0.3,,0:00,85.7,0,0,zettehe01
327,Hudson Fasching,BUF,RW,0:50,5,,7:25,-2.7,0,1.6,,2:16,9.2,0,0,,0:00,,,,faschhu01
328,Ian Cole,TOT,D,0:38,67,,15:30,1.8,3.4,1.5,,0:01,-84.9,0,0,,2:14,0.5,1.5,6,coleia01
329,Ian McCoshen,FLA,D,0:38,38,,13:57,-3.1,1.7,2.8,,0:01,12.3,0,0,,1:05,-0.2,0,5.6,mccosia01
330,Iiro Pakarinen,EDM,RW,0:21,40,,8:39,-4.1,1.2,1,,0:06,-21.8,0,0,,1:25,5.7,0,6.4,pakarii01
331,Ivan Barbashev,STL,C,0:37,53,,11:49,-1.6,1.8,1.8,,0:10,0,0,7,,0:10,-7.3,0,21.3,barbaiv01
332,Ivan Provorov,PHI,D,0:51,82,,19:47,-0.1,3.2,2.4,,1:46,-6.4,3.4,1.7,,2:34,-4.3,0,9.8,provoiv01
333,J.T. Brown,TOT,RW,0:38,47,,8:48,-0.9,0.9,2.2,,0:02,12.8,0,0,,0:13,23.4,0,0,brownjt01
334,J.T. Compher,COL,LW,0:37,69,,12:24,0.3,1.5,3.2,,2:11,1.5,8.3,2.8,,1:24,-1.9,1.2,6.2,comphj.01
335,J.T. Miller,TOT,C,0:41,82,,14:25,-0.1,3,2.9,,2:15,-3.8,6.9,0.9,,0:20,15.8,0,5.8,millejt01
336,Jaccob Slavin,CAR,D,0:47,82,,19:21,-0.1,2.8,2.8,,0:37,-5.4,2.5,1.2,,2:36,2,0.8,12.1,slavija01
337,Jack Eichel,BUF,C,0:53,67,,15:37,2.6,2.9,4.1,,3:43,5.5,8.4,1.7,,0:47,9.4,2.3,2.3,eicheja01
338,Jack Johnson,CBJ,D,0:41,77,,17:18,-5.4,2.3,2.7,,0:08,-14.9,5.2,5.2,,2:05,-1.6,0.7,12.3,johnsja02
339,Jack Rodewald,OTT,RW,0:47,4,,7:11,-10.8,0,2.1,,0:01,18.2,0,0,,0:05,87,0,0,rodewja01
340,Jack Roslovic,WPG,C,0:29,31,,11:09,-2.7,3.1,1.9,,1:09,-4.7,6.6,3.3,,0:00,,,,rosloja01
341,Jacob de La Rose,MTL,LW,0:44,55,,10:54,-2.4,1.7,2,,0:01,14.2,0,0,,0:55,-1.9,1.1,11,delarja01
342,Jacob Josefson,BUF,C,0:45,39,,9:45,-12.6,1,1.7,,0:04,13.9,0,0,,1:32,-2.6,1,9.1,josefja01
343,Jacob Trouba,WPG,D,0:35,55,,17:54,0.3,3.2,2.7,,1:28,6.1,4.4,0.7,,2:30,-0.2,0.4,6.5,troubja01
344,Jaden Schwartz,STL,C,0:50,62,,15:31,7,3.7,2.6,,3:13,4.3,7.2,1.2,,0:38,11.8,1.5,6,schwaja01
345,Jake DeBrusk,BOS,LW,1:02,70,,12:28,1.3,3.5,2.3,,1:48,-1,7.3,2.3,,0:05,16.2,0,0,debruja01
346,Jake Dotchin,TBL,D,0:30,48,,15:48,1.4,3.2,2.1,,0:05,10.4,0,0,,0:35,6.6,4.2,10.6,dotchja01
347,Jake Gardiner,TOR,D,0:41,82,,20:04,0.9,2.9,2.5,,2:04,0.8,7.5,1,,0:22,0.7,0,5.2,gardija01
348,Jake Guentzel,PIT,C,0:49,82,,14:29,2.7,2.4,2.9,,1:45,0.8,6.8,0,,0:13,7.1,0,0,guentja01
349,Jake McCabe,BUF,D,0:44,53,,16:58,0.4,2.1,2.9,,0:35,1.8,2,0,,1:55,-1.1,0,4.7,mccabja01
350,Jake Muzzin,LAK,D,0:44,74,,17:03,4.6,2.7,2.2,,2:14,-4.6,7.3,0.7,,2:20,3.8,0.3,5.7,muzzija01
351,Jake Virtanen,VAN,RW,0:29,75,,11:41,2.2,2.1,2.7,,0:17,-2.6,5.6,5.6,,0:00,33.9,0,0,virtaja01
352,Jakob Chychrun,ARI,D,0:41,50,,18:00,-1.3,2.4,2.1,,2:02,2.8,4.7,1.7,,0:11,10.3,0,0,chychja01
353,Jakob Silfverberg,ANA,LW,0:37,77,,14:34,0.7,2.4,2.2,,1:41,5.1,5.3,0.4,,1:41,1.6,1.4,5.1,silfvja01
354,Jakub Jeřábek,TOT,D,0:41,36,,15:59,2.4,2.1,2.3,,0:04,14,20.1,0,,0:14,-10.4,0,7,jerabja01
355,Jakub Voráček,PHI,RW,0:41,82,,15:56,1.5,3.2,2.4,,3:29,6.4,10.2,1.5,,0:01,19.7,0,0,voracja01
356,Jakub Vrána,WSH,LW,0:44,73,,11:49,2.9,2.5,2.4,,0:40,-5.3,3.7,1.2,,0:00,-11.3,0,0,vranaja01
357,James Neal,VEG,LW,0:53,71,,14:41,0.4,3.1,3.5,,2:26,-6.5,8.6,1.4,,0:01,6.9,0,0,nealja01
358,James van Riemsdyk,TOR,LW,0:30,81,,12:35,7.4,2.9,2.5,,2:16,2.4,12.4,1.6,,0:01,-11,0,0,vanrija01
359,Jamie Benn,DAL,LW,0:32,82,,15:22,1.4,3.9,2.6,,3:03,0.1,9.1,1.9,,1:23,-1.8,1.1,6.9,bennja01
360,Jamie McGinn,FLA,LW,0:43,76,,11:51,-4.2,2.6,2.9,,1:34,3.4,6.3,0.5,,0:01,11.2,0,0,mcginja01
361,Jamie Oleksiak,TOT,D,0:40,68,,14:30,-5.7,1.6,3.1,,0:15,14.5,45.6,0,,1:52,1.7,0,6.9,oleksja01
362,Jan Rutta,CHI,D,0:36,57,,16:35,-3,2.7,2.9,,0:24,-2.4,12.6,2.5,,2:15,2.3,0.9,6.1,ruttaja02
363,Janne Kuokkanen,CAR,C/LW,0:41,4,,11:03,13.6,0,4.1,,0:00,,,,,0:00,,,,kuokkja01
364,Jannik Hansen,SJS,LW,0:50,46,,11:12,-0.6,2.9,2.8,,0:04,-1.9,0,0,,0:45,1.7,1.7,6.9,hanseja01
365,Jared Boll,ANA,RW,0:41,10,,4:21,-2.5,2.8,2.8,,0:03,-86,0,0,,0:00,,,,bollja01
366,Jared McCann,FLA,C,0:39,68,,12:02,-1,2.3,1.6,,0:39,-3.5,2.2,0,,0:33,14.1,1.6,4.8,mccanja01
367,Jared Spurgeon,MIN,D,0:43,61,,19:06,4.2,2.5,2.8,,2:37,1.3,10.5,0.4,,2:48,-3.4,0.4,9.5,spurgja01
368,Jaromír Jágr,CGY,RW,0:45,22,,11:27,0.6,2.9,1.4,,1:35,-1.9,5.2,0,,0:00,,,,jagrja01
369,Jason Chimera,TOT,LW,0:25,74,,9:43,-11.2,2.9,3.5,,0:03,,,,,0:31,4.9,0,0,chimeja01
370,Jason Demers,ARI,D,0:42,69,,18:06,4.1,2.6,2.8,,1:03,-2.8,3.9,0.8,,1:58,-1.1,0,6.8,demerja01
371,Jason Dickinson,DAL,C,0:36,27,,8:27,-1.1,1.1,1.6,,0:02,11.9,0,0,,0:02,-13,0,0,dickija01
372,Jason Garrison,VEG,D,0:56,8,,17:10,-3.4,1.8,3.2,,0:08,5,0,0,,1:44,13.2,5,0,garrija01
373,Jason Pominville,BUF,RW,0:43,82,,12:57,4.8,2.7,3.6,,1:54,-3.1,3.4,0.4,,0:01,19.8,0,0,pominja01
374,Jason Spezza,DAL,C,0:37,78,,10:58,2.4,1.9,2.5,,1:59,2.5,6.6,2.3,,0:02,-11.8,0,0,spezzja01
375,Jason Zucker,MIN,LW,0:33,82,,14:10,4.3,3.3,2.8,,2:11,-0.3,9,1.3,,0:35,5.8,3.7,5,zuckeja01
376,Jay Beagle,WSH,RW/C,0:38,79,,9:53,-10.8,2.2,2.1,,0:02,-88.2,0,0,,2:31,-5.4,0.6,8.8,beaglja01
377,Jay Bouwmeester,STL,D,0:32,35,,17:56,-5.4,2.4,2,,0:02,,0,0,,2:09,5.1,0.8,7.2,bouwmja01
378,Jaycob Megna,ANA,D,0:44,14,,13:28,-0.8,1.9,3.2,,0:11,10.3,0,0,,2:03,0,0,2.1,megnaja02
379,Jayson Megna,VAN,C,0:36,1,,4:18,-14.3,0,0,,0:00,,,,,0:00,,,,megnaja01
380,Jean-Gabriel Pageau,OTT,C,0:44,78,,13:43,-1.6,2.4,3.3,,1:02,2.3,4.5,0.7,,1:59,2.5,0.4,7.2,pageaje01
381,Jean-Sébastien Dea,PIT,C,0:42,5,,5:29,-23.1,2.2,0,,0:00,,,,,0:00,,,,deaje01
382,Jeff Carter,LAK,C,0:36,27,,13:21,-2.4,3.4,2.8,,3:09,1.4,9.9,0.7,,1:19,-5.6,1.6,4.7,carteje01
383,Jeff Petry,MTL,D,0:38,82,,18:20,2.5,2.3,3.4,,2:47,-2.2,8.4,1.5,,2:22,2,0.6,8.4,petryje01
384,Jeff Skinner,CAR,C,0:44,82,,14:35,1.6,2.4,3.6,,2:06,-0.9,5.2,1.4,,0:00,90,0,0,skinnje01
385,Jesper Bratt,NJD,W,0:36,74,,12:08,-2.1,2.2,3.2,,2:03,-6.1,7.1,1.6,,1:03,4.2,1.4,5.6,brattje01
386,Jesper Fast,NYR,RW,0:51,71,,12:54,-0.7,2.9,3.8,,0:03,-9.1,0,0,,1:54,-5,1.3,6.6,fastje01
387,Jesse Puljujärvi,EDM,RW,0:39,65,,12:37,1.5,2.4,2.5,,0:44,4.6,5,0,,0:00,,,,puljuje01
388,Jim O'Brien,OTT,C,0:45,10,,8:17,-1.9,2.2,2.9,,0:00,,,,,0:27,8.7,0,0,obrieji01
389,Jimmy Hayes,NJD,RW,0:40,33,,10:22,-5.6,1.9,2.1,,1:32,3.5,9.5,1.2,,0:00,,0,0,hayesji01
390,Jimmy Vesey,NYR,LW,0:40,79,,12:41,-1.2,2.5,3.4,,1:28,-0.4,5.7,1,,0:10,1.1,0,9.1,veseyji02
391,Joakim Nordström,CAR,C,0:40,75,,8:46,-4.1,1.7,2.6,,0:04,9.7,0,0,,1:42,-2.8,0,9.9,nordsjo02
392,Joakim Ryan,SJS,D,0:52,62,,16:17,3,2.4,1.8,,0:09,2.9,0,0,,0:17,14.8,9.7,0,ryanjo02
393,Joe Hicketts,DET,D,0:35,5,,13:23,0.9,4.5,0.9,,2:22,12.5,10.1,0,,1:34,-2.8,0,0,hickejo01
394,Joe Pavelski,SJS,C,0:44,82,,15:46,3.1,2.9,2.8,,3:11,3.7,8.2,0.4,,0:17,-2.9,0,7.6,paveljo01
395,Joe Thornton,SJS,C,0:44,47,,14:44,3.4,2.5,3.3,,3:35,0.1,9.9,0,,0:01,-14.5,0,0,thornjo01
396,Joel Armia,WPG,RW,0:30,79,,9:58,0.6,2.4,2.4,,1:29,0.5,9.2,0.5,,1:07,1.1,1.3,8.1,armiajo01
397,Joel Edmundson,STL,D,0:54,69,,18:11,-1.2,2.7,2.8,,0:19,-4.7,8.2,0,,2:14,-1.3,0.8,7.8,edmunjo01
398,Joel Eriksson Ek,MIN,C,0:50,75,,11:35,0.7,1.9,1.9,,0:06,-10.2,14.3,0,,1:04,-5.7,0,4.5,eriksjo02
399,Joel Hanley,ARI,D,0:22,5,,11:02,9.6,3.3,3.3,,0:03,,,,,0:02,-11.1,0,0,hanlejo01
400,Joel Ward,SJS,RW,0:34,52,,10:33,-2.6,2,2.2,,0:14,-11.7,4,0,,1:04,1.7,0,4.3,wardjo02
401,Johan Larsson,BUF,LW/C,0:39,80,,12:00,-7.5,1.4,3.4,,0:08,-0.3,4.6,0,,1:57,-1.6,0.8,9.2,larssjo02
402,John Carlson,WSH,D,0:44,82,,18:27,1.7,3.1,2.9,,3:41,3.3,9.7,1.4,,2:37,-2.2,0.6,8,carlsjo01
403,John Gilmour,NYR,D,0:38,28,,15:37,4.9,2.3,3.8,,1:12,9.4,7.1,0,,0:21,7.2,0,12.2,gilmojo01
404,John Hayden,CHI,C,0:33,47,,9:43,-6.4,2.1,2.8,,0:14,-10,5.5,0,,0:51,-3.6,1.5,9,haydejo01
405,John Klingberg,DAL,D,0:41,82,,19:17,4,3.1,2.4,,3:39,0.2,8.2,1.6,,1:07,1.7,0.7,3.3,klingjo01
406,John Moore,NJD,D,0:28,81,,17:49,0.4,2.6,2.6,,0:22,-8.2,3.9,0,,1:49,4.6,1.5,6.8,moorejo01
407,John Quenneville,NJD,C,0:53,2,,13:06,1.9,0,6.9,,0:11,,,,,0:00,,,,quennjo02
408,John Tavares,NYI,C,0:45,82,,15:12,2.6,3.5,3.9,,3:09,8.8,10.5,1.6,,1:33,0.8,1.3,11.5,tavarjo01
409,Johnny Boychuk,NYI,D,0:49,58,,17:03,-2.5,3,3.3,,0:32,-8.7,7.6,7.6,,2:35,-7.2,0.8,7.6,boychjo01
410,Johnny Gaudreau,CGY,LW,0:53,80,,15:50,1.9,3.5,3.1,,3:32,2.7,7.2,1.5,,0:02,86.6,0,0,gaudrjo01
411,Johnny Oduya,TOT,D,0:33,52,,15:06,0.4,2.3,2.3,,0:02,14.2,0,0,,1:57,0.2,1.1,9,oduyajo01
412,Jonas Brodin,MIN,D,0:31,73,,18:25,-2.3,3.4,2.5,,0:47,-0.5,7.3,1,,2:23,-0.6,1.4,7.2,brodijo01
413,Jonathan Drouin,MTL,LW,0:46,77,,14:12,0.2,2,3.3,,3:16,-1.5,7.9,1.2,,0:06,-10.5,0,0,drouijo01
414,Jonathan Ericsson,DET,D,0:35,81,,16:36,-2,2.3,2.7,,0:05,-29,0,0,,2:36,-5.3,1.1,9.3,ericsjo01
415,Jonathan Huberdeau,FLA,C,0:46,82,,15:42,3.9,3.4,3.3,,3:23,-0.8,6.6,0.6,,0:05,-14.4,0,0,huberjo01
416,Jonathan Marchessault,VEG,C,0:57,77,,15:01,3.5,4.1,2.2,,2:27,-0.3,7.9,0.6,,0:01,45.6,0,0,audymjo01
417,Jonathan Toews,CHI,C,0:31,74,,14:51,5.3,2.9,2.9,,3:08,4.6,6.2,0.5,,1:42,0.5,0.5,9,toewsjo01
418,Jonathon Merrill,VEG,D,0:43,34,,15:35,0,2.3,1.6,,0:04,8.4,0,0,,0:24,0,0,6.3,merrijo01
419,Jonny Brodzinski,LAK,C,0:52,35,,9:13,-4.7,2.4,1.5,,0:15,-2.9,0,0,,0:01,88.4,0,0,brodzjo01
420,Joonas Donskoi,SJS,RW,0:38,66,,13:19,5.6,2.8,2.2,,1:37,2.1,6.9,0.5,,0:01,34.9,0,0,donskjo01
421,Jordan Eberle,NYI,RW,0:46,81,,14:05,9.8,3.7,3.2,,1:56,-5.9,5.8,1.9,,0:01,39.7,0,7.2,eberljo01
422,Jordan Greenway,MIN,LW,0:42,6,,11:15,-4.3,1.8,1.8,,0:08,,0,0,,0:03,-14.3,0,0,greenjo02
423,Jordan Martinook,ARI,LW,0:35,81,,12:00,1,1.4,2.8,,0:09,-23.5,4.2,4.2,,1:50,0.2,0.4,8.8,martijo01
424,Jordan Nolan,BUF,C,0:41,69,,9:40,-6.2,1.1,2.2,,0:04,-37.5,0,0,,0:02,-2.8,0,35.1,nolanjo01
425,Jordan Oesterle,CHI,D,0:44,55,,18:46,-0.6,2.4,3.1,,1:04,-1.5,5,0,,0:40,7.7,0,12.9,oestejo01
426,Jordan Schmaltz,STL,D,0:36,13,,10:33,4.9,1.3,1.3,,0:24,-16.5,0,0,,0:00,,,,schmajo01
427,Jordan Schroeder,CBJ,C,0:37,21,,7:20,-2.8,0.8,2.3,,0:06,8.5,0,0,,0:01,,0,0,schrojo01
428,Jordan Staal,CAR,C,0:43,79,,14:55,0,2.9,3,,2:35,1,7.3,0.9,,1:44,-2,0.9,9.2,staaljo01
429,Jordan Szwarz,BOS,RW,0:37,12,,10:29,-8.3,1.9,3.8,,0:42,20.4,7,0,,0:18,-10.5,0,0,szwarjo01
430,Jordan Weal,PHI,C,0:45,69,,11:25,0.4,2.1,2.7,,1:31,-5.3,2.9,1.7,,0:00,,,,wealjo01
431,Jordie Benn,MTL,D,0:35,77,,16:45,-0.7,1.8,2.2,,0:01,12.8,0,0,,2:11,5.5,1.7,11.4,bennjo01
432,Jori Lehterä,PHI,C,0:41,62,,9:12,-1.5,1.6,2.2,,0:33,-6,1.7,5.2,,0:44,-9.1,1.2,10.6,lehtejo01
433,Joseph Blandisi,ANA,C,0:32,3,,11:36,3.5,3.4,0,,0:04,,,,,0:00,,,,blandjo01
434,Joseph Morrow,TOT,D,0:42,56,,15:27,-2,1.3,2.4,,0:38,0.8,10,0,,0:38,-4,0,8.7,morrojo02
435,Josh Anderson,CBJ,RW,0:42,63,,15:41,3.3,2.6,2.7,,1:21,-5.8,4.8,0,,0:59,-1.9,0,1.9,anderjo05
436,Josh Archibald,TOT,RW,0:34,42,,10:53,-2.8,2.1,2.2,,0:09,-16.4,8.8,8.8,,0:53,-0.8,0,3.6,archijo01
437,Josh Bailey,NYI,C,0:38,76,,14:36,-1.5,3.1,3.9,,3:00,6.3,10.8,1.1,,0:15,8.1,0,3.9,bailejo01
438,Josh Gorges,BUF,D,0:36,34,,12:59,-6.1,1.6,2.2,,0:01,,0,0,,1:54,3.9,0,3.7,gorgejo01
439,Josh Jooris,TOT,C,0:52,40,,8:46,-3.6,1.4,2.8,,0:05,-15.3,0,0,,0:54,0.7,0,4.5,joorijo01
440,Josh Leivo,TOR,LW,0:50,16,,8:41,1.4,2.2,2.2,,1:52,-4.9,2,0,,0:00,,,,leivojo01
441,Josh Manson,ANA,D,0:42,80,,17:49,2,3.2,1.8,,0:05,-16.4,0,0,,2:26,0.4,0.6,6.7,mansojo01
442,Josh Morrissey,WPG,D,0:26,81,,17:42,-1,3.1,2.6,,0:19,-14.2,2.3,0,,2:25,-0.5,0.9,6.1,morrijo04
443,Joshua Ho-Sang,NYI,C/RW,0:50,22,,12:01,-3.4,2.9,3.9,,2:15,-7.6,2.4,3.6,,0:00,,,,hosanjo01
444,Jujhar Khaira,EDM,LW,0:33,69,,10:52,-1.1,2,2.7,,0:20,-5.2,4.9,2.5,,1:29,-2.3,1.1,3.9,khairju01
445,Julius Honka,DAL,D,0:39,42,,11:39,3.4,1.8,2,,1:17,0.9,2.2,0,,0:04,38.5,0,0,honkaju01
446,Jussi Jokinen,TOT,C,0:45,60,,10:04,-1.6,0.5,2.1,,0:47,-10.2,10.8,0,,0:42,9.3,0,11.3,jokinju01
447,Justin Abdelkader,DET,LW,0:45,75,,12:49,0.7,2.4,3,,2:20,3,6.5,0.3,,1:23,2,0,9.3,abdelju01
448,Justin Auger,LAK,RW,0:46,2,,7:59,-20.5,0,3.8,,0:00,,,,,0:00,,,,augerju01
449,Justin Bailey,BUF,RW,0:34,12,,10:27,-8.6,2.4,3.4,,0:03,,0,0,,0:45,3.5,0,0,baileju01
450,Justin Braun,SJS,D,0:43,81,,18:33,-8.5,2.7,2.5,,0:05,-31,0,0,,2:41,-9.3,0.8,6.3,braunju01
451,Justin Falk,BUF,D,0:37,46,,14:27,-6.1,1.3,2.9,,0:01,,0,0,,1:35,-0.8,1.6,9.8,falkju01
452,Justin Faulk,CAR,D,0:36,76,,18:46,1.6,2.4,3.4,,2:56,0.2,7.2,0.8,,0:32,0.1,1.5,7.5,faulkju01
453,Justin Holl,TOR,D,0:43,2,,16:05,1.1,9.3,0,,0:00,,,,,1:16,-33.3,0,0,hollju01
454,Justin Kloos,MIN,C,0:34,1,,8:33,6.6,0,0,,0:06,,,,,0:00,,,,kloosju01
455,Justin Schultz,PIT,D,0:36,63,,17:06,-2.1,3.7,2.5,,2:17,-1.2,8.8,0,,0:06,4.7,0,8.4,schulju01
456,Justin Williams,CAR,RW,0:43,82,,14:26,1.3,2.6,2.8,,2:08,-3.7,5.8,1.7,,0:00,-10.2,0,0,williju01
457,Kailer Yamamoto,EDM,RW,0:28,9,,13:43,5.3,1.5,2,,1:23,-6.5,3.4,3.4,,0:02,-13.2,0,0,yamamka01
458,Kalle Kossila,ANA,LW,0:51,10,,8:54,4.3,1.3,4,,0:10,16,0,0,,0:00,,,,kossika01
459,Karl Alzner,MTL,D,0:40,82,,17:11,-0.9,2.1,2.6,,0:01,13,0,0,,2:51,-6,0.7,8.5,alzneka01
460,Kasperi Kapanen,TOR,RW,0:53,38,,10:08,-0.2,1.6,1.9,,0:01,-90.6,0,0,,1:04,9,1.4,9.5,kapanka01
461,Keegan Lowe,EDM,D,0:44,2,,12:44,-5.6,2.4,4.7,,0:00,,,,,1:09,14.3,0,0,loweke02
462,Keith Yandle,FLA,D,0:45,82,,18:57,-1,3.2,3,,3:17,4,6.3,0.6,,2:14,-1.1,2,7.6,yandlke01
463,Kenny Agostino,BOS,LW,1:03,5,,8:59,-8.5,1.3,2.7,,3:03,-2,15.7,0,,0:00,,,,agostke01
464,Kerby Rychel,MTL,LW,0:40,4,,10:16,-14.4,2.9,5.8,,0:45,-1,0,0,,0:00,,,,rycheke01
465,Kevan Miller,BOS,D,0:41,68,,17:09,0.2,2.6,2,,0:04,-11.5,0,0,,2:13,-0.6,1.2,5.9,milleke03
466,Kevin Bieksa,ANA,D,0:35,59,,15:36,-6,1.5,2.5,,0:29,-10.4,7.5,0,,1:55,-4.4,1.1,3.7,biekske01
467,Kevin Connauton,ARI,D,0:27,73,,14:25,-1.2,2.6,2.4,,0:10,-25.9,0,3.8,,0:34,-5.8,0,6.9,connake01
468,Kevin Fiala,NSH,LW,0:39,80,,12:50,6.6,3,1.8,,2:17,-0.6,8.2,0.3,,0:00,38.1,0,0,fialake01
469,Kevin Gravel,LAK,D,0:54,16,,13:08,-6.9,1.7,2.6,,0:40,-8.9,5.6,0,,0:12,-13.7,0,0,graveke01
470,Kevin Hayes,NYR,RW,0:42,76,,13:59,-0.5,2.8,2.8,,1:07,0.4,7.7,0.7,,2:14,3.2,0.7,7,hayeske01
471,Kevin Labanc,SJS,RW,0:29,77,,12:05,5,2.7,2.9,,2:13,1,9,1,,0:01,-13.4,0,0,labanke01
472,Kevin Rooney,NJD,C,0:48,1,,11:13,11.1,0,0,,0:19,20,0,0,,0:14,,,,rooneke01
473,Kevin Roy,ANA,C,0:36,25,,12:27,-3.2,2.1,1.6,,1:10,-17.7,5.6,0,,0:01,,0,0,royke01
474,Kevin Shattenkirk,NYR,D,0:52,46,,17:00,1,2.3,3.2,,3:11,-1,7.8,0.8,,0:04,35.5,0,17.4,shattke01
475,Klas Dahlbeck,CAR,D,0:49,33,,15:12,-7.8,2,2.9,,0:05,9,0,0,,1:04,-1.6,1.7,5.1,dahlbkl01
476,Korbinian Holzer,ANA,D,0:29,16,,10:40,-2.8,1.4,2.5,,0:00,,,,,0:56,-5.2,0,4,holzeko01
477,Kris Letang,PIT,D,0:49,79,,19:38,4.6,2.9,3.4,,3:06,5.5,10.9,0.7,,2:35,2.2,1.2,5.6,letankr01
478,Kris Russell,EDM,D,0:35,78,,16:48,-3.8,2.3,2.8,,0:15,5.3,4.8,0,,2:01,-1.3,1.1,10,russekr01
479,Kris Versteeg,CGY,RW,0:47,24,,10:04,-5.8,1,2,,3:06,7.2,11.3,2.4,,0:00,,,,verstkr01
480,Kurtis MacDermid,LAK,D,0:39,34,,10:59,-6.9,1.6,2.1,,0:21,-5.9,4.8,4.8,,0:15,-0.8,0,0,macdeku01
481,Kyle Brodziak,STL,C,1:01,81,,11:38,-5.4,2.6,2,,0:04,-20.9,0,0,,1:45,0.6,1.3,9.3,brodzky01
482,Kyle Capobianco,ARI,D,0:41,1,,13:32,-16.1,4.4,8.9,,0:00,,,,,0:01,,0,0,capobky01
483,Kyle Clifford,LAK,LW,0:32,50,,10:24,1.7,1.5,2,,0:06,-25.2,0,0,,0:02,-12.6,0,0,cliffky01
484,Kyle Connor,WPG,LW,0:53,76,,14:14,-2.5,3.2,2.4,,2:39,-0.2,7.4,1.5,,0:00,39.9,0,0,connoky01
485,Kyle Criscuolo,BUF,C,0:51,9,,7:37,-3,0,3.5,,0:01,,,,,0:21,12.6,0,0,criscky01
486,Kyle Okposo,BUF,RW,0:47,76,,13:30,-0.7,2.1,3.7,,3:24,7.7,7.7,1.6,,0:06,-13.6,0,6.9,okposky01
487,Kyle Palmieri,NJD,RW,0:38,62,,13:50,0.7,2.8,2.8,,2:46,5.9,10.9,0,,0:42,-1.7,0,2.3,palmiky01
488,Kyle Quincey,MIN,D,0:36,18,,11:42,-7.8,1.7,3.4,,0:03,,0,0,,2:30,0.3,2.6,6.6,quincky01
489,Kyle Rau,MIN,C,0:17,3,,11:01,-2,1.8,1.8,,0:00,,,,,0:00,,,,rauky01
490,Kyle Turris,TOT,C,0:34,76,,14:11,6.1,3.3,1.8,,2:19,-0.5,9.7,0.4,,0:06,12.9,0,0,turriky01
491,Lance Bouma,CHI,C,0:29,53,,9:27,-4.1,2,2,,0:15,3.5,8.5,0,,0:55,-11.5,1.2,6.2,boumala01
492,Landon Ferraro,MIN,C,0:32,2,,4:23,-6.3,6.8,0,,0:01,,0,0,,0:00,,,,ferrala01
493,Lars Eller,WSH,C,0:42,81,,12:18,0.2,2.7,3.1,,1:11,-9.2,6.3,0,,1:48,3.2,0.4,5.7,ellerla01
494,Laurent Dauphin,ARI,C,0:31,2,,7:13,-7.2,0,4.2,,0:00,,,,,0:00,,,,dauphla01
495,Lawson Crouse,ARI,LW,0:28,11,,10:33,-0.6,1.1,4.3,,0:02,-39.3,0,0,,0:19,-11.1,0,8.2,crousla01
496,Lee Stempniak,CAR,RW,0:44,37,,11:54,0.3,1.5,2.6,,0:09,9.5,14.9,0,,0:23,-6.1,0,8.1,stemple01
497,Leo Komarov,TOR,C,0:37,74,,12:30,-6.7,2.2,2.3,,0:41,3.4,7.4,0,,2:34,-3.5,0.6,5.3,komarle01
498,Leon Draisaitl,EDM,C,0:59,78,,15:28,4,3.6,4.1,,2:49,-0.2,4.3,0.5,,1:00,6.5,2,7.5,draisle01
499,Liam O'Brien,WSH,C,0:48,3,,6:55,-13.4,0,0,,0:00,,,,,0:00,,,,obrieli01
500,Lias Andersson,NYR,C,0:49,7,,11:27,-1.2,3,2.2,,0:02,,0,0,,0:26,10,0,19.3,anderli01
501,Logan Brown,OTT,C,0:50,4,,5:47,6.4,5.2,5.2,,2:20,2.8,0,0,,0:00,,,,brownlo01
502,Logan Couture,SJS,C,0:36,78,,14:02,-0.2,3,3.1,,3:06,4.5,7.4,0.5,,1:23,0.8,1.6,7.7,coutulo01
503,Logan Shaw,TOT,RW,0:40,72,,10:09,0.4,1.8,2.3,,0:04,-1.5,0,0,,1:39,-4.3,1.4,4.9,shawlo01
504,Loui Eriksson,VAN,LW,0:44,50,,12:34,2.9,2.3,2.4,,1:24,3.4,7.7,0.9,,2:17,-0.4,1.6,7.9,erikslo01
505,Louis Belpedio,MIN,D,0:49,1,,15:09,8.5,7.9,4,,0:38,100,0,0,,0:00,,,,belpelo01
506,Luca Sbisa,VEG,D,0:48,30,,16:54,-9.1,3.3,2.7,,0:14,0.3,4.7,0,,2:22,-3.2,1.6,6.4,sbisalu01
507,Lucas Wallmark,CAR,C,0:42,11,,9:01,-1.9,1.2,3.6,,0:10,,0,0,,0:17,13.9,0,0,wallmlu01
508,Lukáš Sedlák,CBJ,C,0:36,53,,8:43,-3,2.2,2.5,,0:02,-26.4,0,19.6,,0:37,5.9,0,12.6,sedlalu01
509,Luke Glendening,DET,C,0:34,69,,10:24,-7.8,1.6,3,,0:04,11,11.5,0,,2:43,-3.3,1,7.7,glendlu01
510,Luke Kunin,MIN,C,0:45,19,,11:59,0.4,1.1,2.1,,0:03,,0,0,,0:55,4.6,3.4,3.4,kuninlu01
511,Luke Schenn,ARI,D,0:32,64,,14:26,-4.1,1.5,2.4,,0:01,11.5,0,0,,1:55,1.3,1,9.3,schenlu01
512,Luke Witkowski,DET,D,0:50,31,,6:49,-8.1,1.7,2,,0:00,,0,0,,0:03,28.5,0,0,witkolu01
513,MacKenzie Weegar,FLA,D,0:37,60,,14:02,3.7,1.7,1.4,,0:22,-0.7,0,0,,0:08,21.4,0,0,weegama01
514,Madison Bowey,WSH,D,0:34,51,,13:23,-3.9,1.8,2.3,,0:01,-88.3,0,0,,0:17,0.4,4.1,16.4,boweyma01
515,Magnus Pääjärvi,TOT,LW,0:46,79,,10:59,-1.8,1.8,2.9,,0:03,-38.8,0,0,,1:23,-1.3,0,5.5,paajama01
516,Marc Methot,DAL,D,0:39,36,,15:41,-4.7,2.3,1.3,,0:03,-12.1,0,0,,2:08,0.6,1.6,5.5,methoma01
517,Marc Staal,NYR,D,0:46,72,,15:40,-4,2.6,2.2,,0:02,11.2,21.7,0,,2:49,-1.4,1.2,6.2,staalma01
518,Marc-Édouard Vlasic,SJS,D,0:47,81,,18:36,-3.8,2.8,2.6,,1:07,-8.1,5.4,0.6,,2:48,-7.1,0.5,6.3,vlasima01
519,Marco Scandella,BUF,D,0:44,82,,19:07,0.1,2.3,3,,1:30,-1.7,3.7,0,,2:40,-5.1,1.6,9,scandma01
520,Marcus Foligno,MIN,LW,0:40,77,,10:35,0.9,2.4,2.3,,0:15,-4.6,8.8,0,,0:00,88.8,0,0,foligma01
521,Marcus Johansson,NJD,C/W,0:59,29,,13:02,-1.3,1.9,3.5,,2:52,1.3,3.6,0.7,,0:04,3.9,0,20.9,johanma03
522,Marcus Krüger,CAR,C,0:44,48,,9:31,0.4,1.4,2.1,,0:07,9.8,0,0,,1:11,0.4,0,14.9,krugema01
523,Marcus Pettersson,ANA,D,0:46,22,,12:16,-4.5,2.4,1.8,,0:45,-1.6,3.6,0,,0:34,24.8,9.4,4.7,pettema01
524,Marcus Sorensen,SJS,RW,0:45,32,,9:18,-3,2,3.1,,0:01,-88,0,0,,0:48,-5.6,0,9.3,sorenma01
525,Marek Hrivík,CGY,LW,0:50,3,,8:23,-2.9,2.4,0,,0:06,,0,0,,0:00,,,,hrivima01
526,Marián Gáborík,TOT,RW,0:38,46,,12:04,-1,2.7,1.3,,1:51,2.1,7.6,0,,0:02,32.3,0,0,gaborma01
527,Mario Kempe,ARI,C,0:31,18,,10:22,-2.8,1.6,1.9,,0:00,,,,,0:42,-4.8,0,4.7,kempema01
528,Mark Alt,TOT,D,0:38,15,,11:45,1.4,0,0.8,,0:00,,,,,0:40,0,0,0,altma01
529,Mark Barberio,COL,D,0:43,46,,14:59,1.1,2.4,2,,0:09,13.5,5,0,,2:07,2.1,1.2,5,barbema01
530,Mark Borowiecki,OTT,D,0:47,52,,13:26,-0.2,2.3,3,,0:00,,0,0,,1:11,5.9,1.9,4.8,borowma01
531,Mark Giordano,CGY,D,0:52,82,,18:33,6.1,2.7,2.9,,3:08,-1.8,5.5,0.7,,3:06,0.3,1.4,7.3,giordma01
532,Mark Jankowski,CGY,C,0:48,72,,11:27,-3.6,2,2.7,,0:48,4.3,4.8,1,,1:04,3,2.4,3.9,jankoma01
533,Mark Letestu,TOT,C,0:32,80,,9:14,-8.7,1.5,1.5,,1:46,1.9,0,0,,1:50,-6.1,0,11.2,letesma01
534,Mark Pysyk,FLA,D,0:46,82,,16:36,-1.1,2.8,3.3,,0:05,-3.8,0,0,,2:04,-2.3,1.1,8.1,pysykma01
535,Mark Scheifele,WPG,C,0:44,60,,16:23,-0.1,3.5,2.3,,3:07,-3.7,10.9,1.3,,1:10,6.6,3.4,7.7,scheima01
536,Mark Stone,OTT,RW,0:52,58,,16:22,5.2,3.9,3.5,,3:05,3.9,6.1,0,,1:11,2.4,0.8,6.4,stonema01
537,Mark Streit,MTL,D,0:38,2,,12:08,6.8,0,4.9,,2:05,-18.2,0,0,,0:00,,,,streima01
538,Marko Daňo,WPG,C,0:47,23,,6:58,1.3,1.9,2.6,,0:09,-20.4,0,0,,0:03,87.4,0,0,danoma01
539,Markus Granlund,VAN,C,0:51,53,,12:42,-2.8,1.3,2.4,,1:08,-2,7,0,,2:24,1.9,0.9,8,granlma01
540,Markus Hännikäinen,CBJ,LW,0:39,33,,7:50,-4.2,1.7,2.1,,0:02,-21.6,0,0,,0:29,-7.9,2.8,8.5,hannima01
541,Markus Nutivaara,CBJ,D,1:00,61,,15:25,3,2.6,1.7,,0:33,-8.1,5.3,0,,0:02,-15,0,6.8,nutivma01
542,Martin Frk,DET,RW,0:41,68,,8:07,2.2,2.2,3.4,,2:09,0.1,6.5,1.6,,0:00,,,,frkma01
543,Martin Hanzal,DAL,C,0:30,38,,10:42,-4.3,1.5,3.5,,1:39,-0.7,7.6,1.9,,1:44,3.8,0,4.6,hanzama01
544,Martin Marinčin,TOR,D,0:45,2,,14:11,-7.1,0,4.2,,0:03,,,,,2:26,12.9,0,0,marinma01
545,Martin Nečas,CAR,C,0:38,1,,6:54,11.4,0,0,,0:00,,,,,0:00,,,,necasma01
546,Mathew Barzal,NYI,C,0:39,82,,14:33,8.1,3.6,3.2,,3:10,7.5,10.7,1.4,,0:01,18,0,5.8,barzama01
547,Mathew Dumba,MIN,D,0:32,82,,19:38,-0.3,3.3,2.7,,2:20,0.1,5.9,1.6,,1:49,4.2,1.2,4,dumbama01
548,Mathieu Perreault,WPG,C,0:37,70,,12:11,6.2,2.6,2.3,,2:14,3.1,10.7,0.8,,0:01,64.6,36,0,perrema01
549,Mats Zuccarello,NYR,LW,0:44,80,,15:03,0.7,2.7,3,,2:45,0,8.2,1.1,,1:06,-0.8,0,6,zuccama01
550,Matt Bartkowski,CGY,D,0:37,18,,12:22,-6.8,1.6,2.7,,0:00,,0,0,,0:57,6.6,3.5,0,bartkma01
551,Matt Beleskey,TOT,LW,0:27,15,,9:38,-1.4,0.5,3.6,,0:56,-8.5,4.2,4.2,,0:23,10.2,0,0,belesma01
552,Matt Benning,EDM,D,0:36,73,,15:50,1.6,2.9,2.6,,0:53,-0.2,5.2,0.9,,0:32,3,2.6,11.5,bennima01
553,Matt Calvert,CBJ,LW,0:49,69,,11:33,-4.6,2.3,3.3,,0:17,-3.9,9.4,0,,1:32,5.6,1.1,11.3,calvema01
554,Matt Cullen,MIN,C,0:36,79,,10:55,-8.1,2.4,2.4,,0:06,-18.6,6.8,6.8,,0:51,-3.5,0,8,cullema01
555,Matt Duchene,TOT,C,0:52,82,,15:23,5.7,4.3,3.7,,2:40,-3.4,1.8,1.8,,0:15,-8.8,0,0,duchema01
556,Matt Grzelcyk,BOS,D,0:48,61,,15:32,1.9,2.8,1.4,,1:06,-6.1,5.7,0.8,,0:05,20.8,0,0,grzelma01
557,Matt Hendricks,WPG,C,0:35,60,,7:22,-1.1,2.6,2.7,,0:03,-25.6,0,0,,1:59,-5.2,0,6.5,hendrma01
558,Matt Hunwick,PIT,D,0:45,42,,15:22,-4.4,2.4,3,,0:04,16.9,7.1,0,,2:03,-3.8,1.4,7.6,hunwima01
559,Matt Irwin,NSH,D,0:42,50,,12:47,0.1,2.3,2.2,,0:01,,0,0,,0:36,3.8,0,7.9,irwinma01
560,Matt Martin,TOR,LW,0:26,50,,7:58,-2.1,2.9,2.9,,0:00,,0,0,,0:00,,,,martima02
561,Matt Moulson,BUF,LW,0:35,14,,8:44,-0.6,0,3.4,,1:30,-1.8,5.6,5.6,,0:01,,,,moulsma01
562,Matt Niskanen,WSH,D,0:43,68,,19:21,0.7,3.3,2.2,,0:31,-9.2,3.4,1.7,,2:43,4.1,0.6,6.8,niskama01
563,Matt Read,PHI,RW,0:57,19,,9:41,-0.5,1,1.7,,0:02,,0,0,,1:09,-3.2,0,4.5,readma01
564,Matt Stajan,CGY,C,0:53,68,,9:20,-2.1,1.8,1.4,,0:03,12.2,0,0,,1:32,0.3,0,10.4,stajama01
565,Matt Tennyson,BUF,D,0:48,15,,15:31,-2.7,2.3,4.4,,1:46,0.6,2.3,2.3,,0:40,31.2,5.9,5.9,tennyma01
566,Matthew Highmore,CHI,LW,0:35,13,,11:12,3,1.6,3.3,,0:01,,0,0,,0:55,7.3,0,15.1,highmma01
567,Matthew Nieto,COL,LW,0:28,74,,12:32,-3.7,2.6,2.4,,0:05,-14.4,0,0,,2:16,3.8,1.1,7.9,nietoma01
568,Matthew Peca,TBL,C,0:36,10,,12:23,-3.9,4.4,1.9,,0:06,-91.6,0,0,,1:10,-6.6,5.1,10.2,pecama01
569,Matthew Tkachuk,CGY,LW,0:42,68,,14:15,6.4,2.7,2.7,,2:58,-1.7,6.5,0.3,,0:00,,0,0,tkachma01
570,Mattias Ekholm,NSH,D,0:38,81,,18:49,4.5,3.1,2.4,,1:52,0.7,7.5,0.8,,2:53,-2.1,1.8,5.9,ekholma01
571,Mattias Janmark,DAL,C,0:38,81,,13:58,-2,2,2.8,,1:32,-2.1,5.3,1.4,,1:24,2.1,1.6,9.1,janmama02
572,Max Domi,ARI,LW,0:40,82,,14:02,0.7,3.1,3.3,,2:36,1.7,5.3,1.4,,0:02,13.8,0,0,domima01
573,Max McCormick,OTT,LW,0:32,30,,8:01,-1.9,1.7,3,,0:00,,,,,0:19,14.7,0,6.2,mccorma01
574,Max Pacioretty,MTL,LW,0:45,64,,14:12,2.9,2.7,3.7,,3:05,3.4,8.9,0.9,,1:42,4,1,8.4,pacioma01
575,Maxim Mamin,FLA,C/RW,0:40,26,,10:25,-1,1.6,1.1,,0:05,-37.6,0,0,,0:00,,,,maminma01
576,Melker Karlsson,SJS,C,0:41,71,,11:48,-6.8,1.9,2.4,,0:02,-11,0,0,,1:23,2.9,1.2,3,karlsme01
577,Michael Amadio,LAK,C,0:32,37,,8:29,-2.4,1.5,1.7,,0:48,-3.1,14.5,2.1,,0:01,,,,amadimi01
578,Michael Bournival,TBL,LW,0:27,5,,9:20,-9.8,0,0,,0:00,,,,,0:00,,,,bournmi01
579,Michael Chaput,VAN,C,0:35,9,,8:30,-2.1,1.6,3.9,,0:02,,0,0,,1:14,9.6,0,17.2,chapumi01
580,Michael Dal Colle,NYI,LW,0:46,4,,12:10,-1.6,1.2,1.2,,1:10,28.6,0,0,,0:00,,,,dalcomi01
581,Michael Del Zotto,VAN,D,0:44,82,,17:44,-2.7,2.6,2.9,,0:54,-5.2,8,2.4,,2:09,3.2,1,8.2,delzomi01
582,Michael Frolík,CGY,LW,0:47,70,,14:19,3.4,2,3.2,,0:35,-4,0,0,,2:01,4.8,0.9,4.7,frolimi01
583,Michael Grabner,TOT,RW,0:36,80,,12:43,-3.4,1.8,2.3,,0:03,-89.1,0,0,,2:02,7.5,2.6,7.8,grabnmi01
584,Michael Liambas,ANA,LW,0:40,7,,5:15,-6.2,1.6,1.6,,0:02,,,,,0:00,,,,liambmi01
585,Michael McCarron,MTL,RW,0:44,18,,8:40,-8,1.9,2.3,,0:05,12.9,0,0,,0:00,,,,mccarmi01
586,Michael Raffl,PHI,LW,0:26,76,,11:58,1.1,2.9,2.3,,0:12,-11.6,3.7,0,,1:04,-1,0,6.1,rafflmi01
587,Michael Stone,CGY,D,0:36,82,,13:43,-5.2,1.9,2.6,,0:34,-1.8,3.4,0,,2:27,-3.8,0.6,6,stonemi01
588,Michal Kempný,TOT,D,0:28,53,,15:08,1.4,3.2,1.5,,0:04,11.6,14.1,0,,0:41,2,0,4.7,kempnmi01
589,Micheal Ferland,CGY,LW,0:45,77,,13:07,-1.4,3.2,2.7,,1:51,2.8,6.1,1.2,,0:02,-12.8,0,0,ferlami01
590,Micheal Haley,FLA,C,0:43,75,,7:41,-3.6,1.5,2.9,,0:01,-13.4,0,0,,0:04,-14,0,0,haleymi01
591,Miikka Salomäki,NSH,RW,0:43,58,,10:00,-0.9,1.7,2.5,,0:02,10.6,0,0,,0:14,-0.2,0,8.7,salommi01
592,Mika Zibanejad,NYR,C,0:47,72,,13:48,7.4,2.4,3.6,,2:58,2.4,8.7,0.8,,1:10,0.7,0.7,6.4,zibanmi01
593,Mikael Backlund,CGY,C,0:40,82,,14:30,4.2,2.3,3.4,,2:08,-6.3,5.3,0.7,,2:22,-0.5,0.9,6.2,backlmi01
594,Mikael Granlund,MIN,C,0:39,77,,14:22,4,3.3,2.6,,2:29,3.4,8.1,0.9,,1:54,0.8,1.2,7.3,granlmi01
595,Mike Blunden,OTT,RW,0:33,1,,6:31,3.4,0,0,,0:00,,,,,0:00,,,,blundmi01
596,Mike Cammalleri,TOT,C/W,0:42,66,,12:06,-1.2,2.5,2.8,,1:23,-1.1,3.4,1.1,,0:16,-1.1,0,13.5,cammami01
597,Mike Fisher,NSH,C,0:39,16,,10:39,-12.2,2.1,2.1,,0:01,10.8,138.5,0,,1:39,-5,0,6.8,fishemi01
598,Mike Green,DET,D,0:42,66,,19:35,-1.2,2,2.6,,2:21,-1.2,6.2,1.2,,0:08,12.8,0,12.6,greenmi03
599,Mike Hoffman,OTT,C/LW,0:52,82,,15:16,2.9,2.8,3.6,,3:05,1.6,7.3,0.9,,0:02,13,0,0,hoffmmi02
600,Mike Matheson,FLA,D,0:52,81,,18:25,-0.6,2.7,2.8,,1:06,-2.7,6.4,0.6,,1:47,0.5,1.2,7.1,mathemi01
601,Mike Reilly,TOT,D,0:42,57,,13:14,-4.3,1.8,2.5,,1:38,-5.5,3.9,1,,0:04,70.1,0,0,reillmi01
602,Mikhail Sergachev,TBL,D,0:41,79,,13:29,3.4,3.2,2.4,,1:51,-5.6,9.4,0.8,,0:00,90.4,0,0,sergami01
603,Mikkel Bødker,SJS,RW,0:39,74,,11:57,-4.6,2.6,2.6,,1:22,-6.5,7,0.6,,0:00,-13.8,0,0,boedkmi01
604,Mikko Koivu,MIN,C,0:39,82,,13:57,3.5,2.8,2.3,,2:29,2.9,6.8,0.6,,2:02,2.2,0.7,8.2,koivumi01
605,Mikko Rantanen,COL,RW,0:52,81,,15:12,4.8,3.5,3,,3:44,2,10,1.8,,0:01,-8.9,0,0,rantami01
606,Milan Lucic,EDM,LW,0:30,82,,13:48,1,2.7,3.2,,2:07,-6.8,4,1.3,,0:00,-15.8,0,0,lucicmi01
607,Miles Wood,NJD,LW,0:41,76,,11:29,1.7,2.5,2.7,,0:57,-7.1,7.4,2.5,,0:00,-15.2,0,0,woodmi01
608,Mirco Müller,NJD,D,0:45,28,,14:30,-0.1,2.4,2.2,,0:07,-55.1,0,34.4,,2:02,4.1,3.1,5.2,muellmi01
609,Mitch Marner,TOR,C,0:39,82,,14:09,3.8,2.8,2.7,,2:11,2.5,12.1,1.3,,0:02,-11,0,17,marnemi01
610,Mitch Reinke,STL,D,0:34,1,,13:05,-1.6,0,0,,0:00,,,,,0:00,,,,reinkmi01
611,Morgan Klimchuk,CGY,LW,0:35,1,,7:25,7.8,0,0,,0:00,,,,,0:00,,,,klimcmo01
612,Morgan Rielly,TOR,D,0:29,76,,18:15,2.6,2.9,3.1,,2:11,-1.9,11.4,0.7,,1:08,10.7,0.6,8.4,riellmo01
613,Nail Yakupov,COL,RW,0:47,58,,8:57,0,2.9,2.3,,1:52,-2.7,4.8,1.6,,0:00,,,,yakupna01
614,Nate Prosser,TOT,D,0:54,57,,12:06,-5.3,2.3,1.7,,0:02,-21.2,0,0,,1:18,0.6,0.8,4,prossna01
615,Nate Schmidt,VEG,D,0:46,76,,18:36,-1.5,3.4,2.5,,1:44,-2.9,7.9,1.2,,1:53,-1.4,0.4,5.9,schmina01
616,Nate Thompson,TOT,C,0:35,69,,10:40,-8.4,1.2,1.4,,0:02,-5,0,0,,2:02,1,0,4,thompna01
617,Nathan Beaulieu,BUF,D,0:44,59,,14:47,0.5,1.9,3,,0:53,-12.2,5.2,4.2,,0:15,13.6,3.9,3.9,beaulna01
618,Nathan Gerbe,CBJ,C,0:48,2,,8:36,-4.2,0,3.5,,0:00,,,,,0:00,,,,gerbena01
619,Nathan MacKinnon,COL,C,0:53,74,,15:59,4.9,4,3.3,,3:36,1.8,10.2,1.1,,0:18,-0.5,2.6,7.9,mackina01
620,Nathan Walker,TOT,C,0:52,9,,8:59,-15,0,3.3,,0:08,,,,,0:19,-13.3,0,0,walkena01
621,Nazem Kadri,TOR,C,0:33,80,,14:39,-1.6,2.8,2.6,,2:05,-0.2,12.3,1.1,,0:00,-10.9,0,0,kadrina01
622,Neal Pionk,NYR,D,0:29,28,,18:47,-6.3,2.3,2.6,,1:14,-4.8,10.3,0,,2:20,0.4,1.8,8.2,pionkne01
623,Nic Dowd,TOT,C,0:31,56,,9:23,-2.5,0.5,1.9,,0:01,,,,,1:08,,0,0,dowdni01
624,Nic Petan,WPG,C,0:38,15,,7:48,-2.6,2,2,,0:36,6.6,13.2,0,,0:00,,,,petanni01
625,Nicholas Baptiste,BUF,RW,0:34,33,,8:58,-2.6,1.6,2.5,,0:48,-19.2,6,0,,0:10,-11.8,0,10.3,baptini01
626,Nicholas Merkley,ARI,RW,0:54,1,,11:27,-21.6,0,0,,2:03,6.7,0,0,,0:00,,,,merklni01
627,Nick Bjugstad,FLA,C,0:40,82,,13:35,4.1,3.3,2.9,,1:31,-0.1,4.9,0.4,,0:00,-14.3,0,0,bjugsni01
628,Nick Bonino,NSH,C,0:41,71,,12:52,-5.5,2.6,2.4,,0:40,1.3,3.8,0,,2:05,-7.1,0,7.3,boninni01
629,Nick Cousins,ARI,C,0:36,71,,12:30,0.8,2.2,2.7,,0:19,-1.7,4.9,0,,0:01,-11,0,0,cousini01
630,Nick Foligno,CBJ,LW,0:44,72,,14:45,-0.2,2.7,2.5,,2:23,3.6,3.8,0.7,,1:12,2.3,0,6.9,foligni01
631,Nick Holden,TOT,D,0:32,73,,16:30,0.2,2.4,2.8,,0:29,-1.6,11.7,2,,2:00,-4.3,1.8,1.8,holdeni01
632,Nick Jensen,DET,D,0:53,81,,14:15,3.6,2.1,2.6,,0:04,-1.3,10.4,0,,1:55,4.3,1.2,6.5,jenseni02
633,Nick Lappin,NJD,RW,0:44,6,,9:42,-6.1,2.1,0,,0:03,,,,,0:00,-18.7,,,lappini01
634,Nick Leddy,NYI,D,0:56,80,,18:27,-1.2,2.6,4,,3:16,-0.8,8.8,1.8,,0:41,5.7,0,10.1,leddyni01
635,Nick Paul,OTT,LW,0:33,11,,7:46,7.2,0.7,3.7,,0:00,,,,,0:06,-15.2,0,11.3,paulni01
636,Nick Ritchie,ANA,LW,0:35,76,,12:24,1.5,2.4,2.1,,0:25,-6.9,7,1.7,,0:20,5.1,0,6.9,ritchni01
637,Nick Schmaltz,CHI,C,0:36,78,,14:14,-1.7,2.9,2.8,,2:40,-2.9,5.8,1.2,,1:19,7.1,1.7,5.2,schmani01
638,Nick Seeler,MIN,D,0:37,22,,13:53,-0.2,3.1,1.4,,0:02,-54.8,0,0,,0:35,-7.2,4.6,9.2,seeleni01
639,Nick Shore,TOT,C,0:43,64,,12:15,-1,1.1,1.6,,0:14,13,11.6,0,,1:40,2.6,0,4.3,shoreni01
640,Nicklas Bäckström,WSH,C,0:35,81,,15:14,4.4,3,2.4,,3:30,10.7,9.9,1.5,,0:54,1,0,7.2,backsni02
641,Nico Hischier,NJD,C,0:55,82,,13:44,2.5,3.7,3,,2:02,-3.7,3.8,1,,0:31,6.3,0,2.3,hischni01
642,Nicolas Deslauriers,MTL,LW,0:37,58,,10:31,-3.3,2,1.4,,0:01,13.9,0,0,,1:03,-3.1,1,11.8,deslani01
643,Nicolas Kerdiles,ANA,LW,0:42,2,,3:32,-10.5,0,0,,0:13,-94.1,0,0,,0:00,,,,kerdini01
644,Nicolas Roy,CAR,C,0:45,1,,10:46,-13.8,0,5.6,,0:00,,,,,0:00,,,,royni01
645,Nikita Kucherov,TBL,RW,1:01,80,,16:18,3,3.7,2.9,,3:30,5.5,9.6,0.2,,0:00,-9.8,0,0,kucheni01
646,Nikita Scherbak,MTL,RW,0:45,26,,11:53,-2.9,1.2,2.4,,1:27,-4.8,5.6,0,,0:01,40.4,70.6,0,scherni01
647,Nikita Soshnikov,TOT,RW,0:35,15,,10:15,-6.7,1.9,1.9,,0:07,-90.5,0,0,,0:37,11.6,0,8.9,soshnni01
648,Nikita Zadorov,COL,D,0:42,77,,17:14,-0.7,2.9,2.8,,0:08,-20.4,3.8,0,,2:04,2.1,0.4,4.9,zadorni01
649,Nikita Zaitsev,TOR,D,0:46,60,,19:02,-4.1,3.1,2.7,,0:14,-14.7,2.7,2.7,,2:56,-6.4,0.3,6.1,zaitsni01
650,Niklas Hjalmarsson,ARI,D,0:44,48,,17:59,-4.1,2,2.2,,0:14,0,4,0,,2:28,-2.7,0,8.3,hjalmni01
651,Niklas Kronwall,DET,D,0:35,79,,15:46,1,1.9,2.5,,2:19,-2.9,7.5,0.3,,0:25,5,0,10.7,kronwni01
652,Nikolai Kulemin,NYI,LW,0:48,13,,9:26,-8.3,2,2.4,,0:03,18,0,0,,2:26,-0.5,1.9,3.8,kulemni01
653,Nikolaj Ehlers,WPG,LW,0:43,82,,14:01,3.4,3.3,2.6,,2:01,2.4,7.9,0.4,,0:00,23.1,0,0,ehlerni01
654,Nikolay Goldobin,VAN,LW,0:40,38,,11:22,2.3,2.4,4,,0:56,-2.7,6.6,3.3,,0:00,,,,goldoni01
655,Nino Niederreiter,MIN,RW,0:53,63,,12:42,6.9,3.4,2.1,,2:13,2.2,8.1,1.7,,0:03,35.5,0,0,niedeni01
656,Noah Hanifin,CAR,D,0:38,79,,16:58,2.8,2.3,3,,1:48,-0.2,7.2,1.7,,0:05,-1.1,0,8.7,hanifno01
657,Noah Juulsen,MTL,D,0:40,23,,16:42,-1.3,2,1.9,,0:21,1.4,6.7,0,,2:20,-5,0,11.1,juulsno01
658,Noel Acciari,BOS,C,0:29,60,,11:27,-6.6,1.7,2.3,,0:04,-11.5,0,0,,1:22,-5.7,0.7,4.4,acciano01
659,Nolan Patrick,PHI,C,0:44,73,,11:52,-0.2,2.3,2,,1:49,-5.5,5,1.4,,0:01,11.5,0,0,patrino01
660,Oliver Bjorkstrand,CBJ,RW,0:46,82,,12:32,0.1,2.6,2.2,,1:44,-3,4.6,0.8,,0:00,,,,bjorkol01
661,Oliver Ekman-Larsson,ARI,D,0:48,82,,18:57,5,2.5,3.4,,3:02,6,6.8,0.9,,1:40,4.4,0,6.3,ekmanol01
662,Olli Määttä,PIT,D,0:42,82,,16:00,-0.8,2.3,2.5,,1:19,-3.6,6.8,0,,1:25,-4.3,1.5,9.3,maattol01
663,Ondřej Kaše,ANA,RW,0:45,66,,12:36,4.5,2.8,1.6,,1:18,-1.3,5.3,0,,0:00,34.7,0,70.6,kaseon01
664,Ondřej Palát,TBL,LW,0:43,56,,13:46,-0.8,3.7,2.4,,2:07,-5,8.1,0.5,,1:06,2.1,1,8.7,palaton01
665,Oscar Fantenberg,LAK,D,1:01,27,,12:02,-4.5,2.6,2.2,,1:57,5.5,6.8,0,,0:15,-1.4,0,0,fanteos01
666,Oscar Klefbom,EDM,D,0:46,66,,17:48,1.7,2.7,3.4,,2:45,1.5,5.4,0.9,,2:15,1.6,2.3,8.8,klefbos01
667,Oscar Lindberg,VEG,C,0:46,63,,10:46,-0.9,1.7,2.6,,0:09,2.4,0,0,,0:50,-5.7,0,7.1,lindbos02
668,Oskar Lindblom,PHI,LW,0:45,23,,13:06,4.9,2.4,1.6,,1:29,-7.3,1.8,0,,0:00,,,,lindbos01
669,Oskar Sundqvist,STL,C,0:45,42,,9:03,-5.3,1.3,2.1,,0:26,-5.9,3.3,0,,0:59,-2,0,5.8,sundqos01
670,Owen Tippett,FLA,RW,0:30,7,,9:20,-3.3,0.9,6.4,,1:43,14.1,9.9,0,,0:03,-6.1,0,0,tippeow01
671,P.K. Subban,NSH,D,0:49,82,,18:22,0.2,3,2.3,,3:05,-0.5,8.5,0.9,,2:38,5.1,0.8,7.5,subbapk01
672,Pat Maroon,TOT,LW,1:00,74,,14:29,2.8,3.1,2.6,,2:01,5.2,4.6,0,,0:00,,0,0,maroopa01
673,Patric Hörnqvist,PIT,RW,0:44,70,,13:45,1.7,3.1,2.8,,3:31,2.9,12.1,0.7,,0:02,33.7,0,0,hornqpa01
674,Patrice Bergeron,BOS,C,0:45,64,,14:39,5.6,3.5,2.1,,2:57,7.6,10.5,1.2,,1:49,1,1.5,5.2,bergepa01
675,Patrick Eaves,ANA,RW,0:41,2,,13:04,-9.7,2.3,2.3,,3:23,0,0,0,,0:00,,,,eavespa01
676,Patrick Kane,CHI,RW,0:33,82,,16:42,-0.2,2.8,3.6,,3:23,5.5,6.6,0.4,,0:04,30.1,0,0,kanepa01
677,Patrick Marleau,TOR,C,0:30,82,,14:35,-0.9,3.2,3.1,,1:59,2.3,7.1,0,,0:23,2,0,6.5,marlepa01
678,Patrick Sharp,CHI,LW,0:42,70,,11:17,-1.9,2.3,3.3,,1:33,-0.2,3.8,1.1,,0:02,12,0,21.6,sharppa01
679,Patrick Sieloff,OTT,D,0:42,1,,11:11,5.4,5.4,16.1,,0:00,,,,,0:00,,,,sielopa01
680,Patrik Berglund,STL,C,0:34,57,,13:30,1.3,2.2,2.5,,1:43,0.1,4.3,1.2,,0:56,0.2,1.2,2.3,berglpa01
681,Patrik Laine,WPG,RW,0:49,82,,13:28,-1.3,3.3,2.6,,3:00,-1.3,10.5,1.5,,0:00,,0,0,lainepa01
682,Patrik Nemeth,COL,D,0:45,68,,16:29,-3.1,3.4,2.2,,0:02,-85.9,0,0,,3:19,-3.9,1.3,5.6,nemetpa01
683,Paul Byron,MTL,C/LW,0:44,82,,13:09,0.4,2.5,2.7,,1:07,-1,8.6,1.2,,1:50,6.2,0.8,5.4,byronpa01
684,Paul Carey,NYR,C,0:32,60,,9:44,-5.5,1.7,3.2,,0:01,12.6,37.9,0,,0:29,5.8,2,10.2,careypa01
685,Paul Ladue,LAK,D,0:41,12,,13:00,6.7,3.1,1.2,,0:49,-19.4,6.1,0,,0:08,,0,0,laduepa01
686,Paul Martin,SJS,D,0:46,14,,14:36,7,2.3,1.5,,0:01,,0,0,,0:07,-11.7,0,0,martipa01
687,Paul Postma,BOS,D,0:49,14,,9:23,-1.5,1.8,2.7,,0:48,15.3,0,0,,0:01,,,,postmpa01
688,Paul Stastny,TOT,C,0:42,82,,14:40,5.6,3,3.1,,2:38,-2,5.5,1.7,,0:59,-2.1,1.7,8.3,stastpa01
689,Pavel Buchnevich,NYR,LW,0:51,74,,12:16,3.5,2.4,2.4,,2:40,3.1,8.5,0.6,,0:03,14.2,0,0,buchnpa01
690,Pavel Zacha,NJD,C,0:55,69,,12:00,0.5,2.3,2.5,,1:18,-1.2,5.3,1.3,,1:02,4.5,1.5,2.3,zachapa01
691,Peter Cehlárik,BOS,LW,0:44,6,,11:55,-4.7,3.4,1.7,,2:01,-11.4,0,0,,0:00,,,,cehlape01
692,Peter Holland,NYR,C,0:35,23,,11:03,-8.4,0.9,3.8,,0:06,-85.7,0,0,,1:14,-3.6,2.1,10.5,hollape01
693,Phil Kessel,PIT,RW,0:38,82,,14:53,-0.9,3.5,3.6,,3:46,0.8,11.2,0.6,,0:01,8.4,0,54.5,kesseph01
694,Philip Holm,VAN,D,0:36,1,,15:12,-1.4,0,7.9,,0:00,,,,,0:00,,,,holmph01
695,Phillip Danault,MTL,LW,0:50,52,,13:43,3.4,2.5,2.8,,1:01,1.7,5.7,0,,1:50,0.4,1.2,9.5,danauph01
696,Phillip Di Giuseppe,CAR,LW,0:26,49,,10:22,-0.9,2.5,2.5,,0:07,8.7,10.7,0,,0:00,,,,digiuph01
697,Pierre-Édouard Bellemare,VEG,LW,0:34,72,,10:03,1.2,2.3,1.8,,0:07,10.3,0,0,,2:08,-8.1,0,5.6,bellepi01
698,Pierre-Luc Dubois,CBJ,LW,0:43,82,,14:32,6.4,3,2.3,,1:56,0.2,9.9,1.5,,0:09,-15.1,0,0,duboipi01
699,Pontus Åberg,TOT,LW,0:44,53,,11:47,0.9,3.1,2.5,,0:21,-9.6,10.1,3.4,,0:01,,0,0,abergpo01
700,Radek Faksa,DAL,C,0:35,79,,13:02,-1.5,2.9,1.8,,0:14,4.9,0,0,,1:59,-0.7,0.4,6.8,faksara01
701,Radim Vrbata,FLA,RW,0:45,42,,11:35,-5.2,2.2,3.1,,1:18,0.7,4.1,0,,0:00,,,,vrbatra01
702,Radko Gudas,PHI,D,0:41,70,,15:10,2.6,2.3,2.3,,0:03,11.3,0,0,,1:52,3.3,0.4,8.6,gudasra01
703,Rasmus Andersson,CGY,D,0:33,10,,13:36,0.6,1.8,2.8,,1:33,9.2,5.6,0,,0:16,-11.1,0,24.3,anderra01
704,Rasmus Ristolainen,BUF,D,0:47,73,,20:03,1.1,2.5,3.4,,3:41,5.8,7.9,1.3,,2:45,-4.8,1.5,8.9,ristora01
705,Reid Boucher,VAN,C,0:48,20,,10:16,2.6,1.5,4.7,,1:04,-2.2,8,2.7,,0:01,,0,0,bouchre01
706,Reilly Smith,VEG,RW,0:55,67,,13:53,3,4.1,2.2,,2:21,5,7.7,0,,1:39,3.2,1,5.3,smithre01
707,Remi Elie,DAL,LW,0:39,72,,9:58,-0.5,2,1.7,,0:03,-11.5,0,0,,0:13,-4.6,0,7.5,eliere01
708,Richard Pánik,TOT,RW,0:38,72,,13:06,6.1,3,2.2,,1:53,0.4,6.8,0.9,,0:10,-2.3,0,10.1,panikri01
709,Rick Nash,TOT,LW,0:45,71,,13:04,2.6,2.2,3,,2:21,-7.9,11.6,1.7,,1:37,13,0,0,nashri01
710,Rickard Rakell,ANA,RW,0:53,77,,16:34,2.5,3.5,3.1,,2:43,7.3,6.4,0.8,,0:06,21.1,0,13.3,rakelri01
711,Riley Nash,BOS,C,0:38,76,,13:04,-2,3,2.1,,0:25,-4.6,6.4,0,,1:54,-2.1,0.4,8.7,nashri02
712,Riley Sheahan,TOT,C,0:45,81,,11:48,-2.8,1,1,,0:25,-4.5,5.5,0,,2:26,-10.8,0,0,sheahri01
713,Rinat Valiev,MTL,D,0:36,2,,10:48,-5.2,2.8,2.8,,0:51,-5,0,0,,0:09,,,,valieri01
714,Rob O'Gara,TOT,D,0:44,30,,14:05,-1.2,2.2,6,,0:00,,,,,1:24,7.5,0,0,ogararo01
715,Robert Bortuzzo,STL,D,0:43,72,,13:24,-0.1,2.4,1.8,,0:02,13.2,0,0,,1:21,-0.7,1.2,6.8,borturo01
716,Robert Hägg,PHI,D,0:37,70,,16:26,-6.9,2.7,2.5,,0:04,-47.9,0,0,,1:36,-0.8,0.5,9.5,haggro01
717,Rocco Grimaldi,COL,C,0:50,6,,9:29,-5.6,5.3,5.3,,0:08,,0,0,,0:00,,,,grimaro01
718,Roland McKeown,CAR,D,0:45,10,,13:23,-1.9,3.6,2.2,,0:00,,,,,0:01,91.8,0,0,mckeoro01
719,Roman Josi,NSH,D,0:43,75,,18:31,3.4,3.4,2.5,,2:53,0.1,7.5,0.8,,3:02,-5.4,1.3,6,josiro01
720,Roman Polák,TOR,D,0:28,54,,15:07,-2.3,2.5,2.4,,0:00,12.7,0,0,,2:30,2.3,1.7,5.6,polakro01
721,Ron Hainsey,TOR,D,0:43,80,,17:44,-4.5,3.1,2.7,,0:08,-32.4,6.2,0,,3:58,-7.3,0.4,6.4,hainsro01
722,Ross Johnston,NYI,LW,0:40,24,,9:16,-5.7,2.4,2.4,,0:02,,0,0,,0:01,-11.9,0,0,johnsro02
723,Ryan Callahan,TBL,RW,0:32,67,,10:58,-0.2,2,2.4,,0:53,-3.6,4.9,1,,1:27,-1,1.3,12.6,callary01
724,Ryan Carpenter,TOT,C,0:32,52,,10:53,-5.2,1.6,1.2,,0:21,,0,0,,1:20,-5.8,0,1.9,carpery01
725,Ryan Donato,BOS,C,0:52,12,,12:14,0.9,3.3,2.5,,2:27,-1.5,18.3,0,,0:00,,,,donatry01
726,Ryan Dzingel,OTT,C,0:53,79,,14:19,1.7,2.8,3.6,,2:09,1.6,6,0.7,,0:01,-16.2,0,0,dzingry01
727,Ryan Ellis,NSH,D,0:57,44,,18:25,4,3.8,2,,2:12,3.5,5.6,0,,2:43,-1.7,1.5,6.5,ellisry01
728,Ryan Getzlaf,ANA,C,0:48,56,,17:32,4,3.8,2.6,,2:49,9.4,7.3,1.1,,1:03,1.7,3,10.1,getzlry01
729,Ryan Hartman,TOT,RW,0:38,78,,12:05,0.8,3,2.6,,0:39,0.8,4.9,0,,0:18,,0,0,hartmry01
730,Ryan Johansen,NSH,C,0:45,79,,14:27,2.2,3.3,2.5,,3:03,0.5,7.2,1,,1:02,7.2,2.2,4.3,johanry01
731,Ryan Kesler,ANA,C,0:51,44,,14:20,-4,2.3,2.7,,1:28,-2.4,2.7,0,,2:13,-14,0,8,keslery01
732,Ryan Lomberg,CGY,LW,0:38,7,,6:14,-10.9,4.1,4.1,,0:01,,0,0,,0:00,,,,lombery01
733,Ryan McDonagh,TOT,D,0:40,63,,18:31,0.5,3.2,2.8,,1:43,-2.6,6.8,0.6,,3:05,-2.4,0.8,5.5,mcdonry01
734,Ryan Murphy,MIN,D,0:36,21,,17:15,0.2,2.8,1.3,,1:27,-10,2,2,,0:18,18.2,0,0,murphry01
735,Ryan Murray,CBJ,D,0:42,44,,16:08,-3.2,2.4,2,,0:16,-13.2,5.1,0,,2:01,5.1,0,4.4,murrary01
736,Ryan Nugent-Hopkins,EDM,C,0:32,62,,14:30,-0.4,3.3,2.8,,1:57,4.8,6.2,0.5,,1:37,-4.3,1.7,11.9,nugenry01
737,Ryan O'Reilly,BUF,C,0:48,81,,15:39,4.1,2.6,3.5,,3:35,10.5,7.8,1.4,,1:33,-3,1.9,9,oreilry01
738,Ryan Pulock,NYI,D,0:39,68,,16:37,4.2,2.8,3,,1:40,-0.8,8.6,0,,0:06,26.1,0,0,pulocry01
739,Ryan Reaves,TOT,RW,0:32,79,,7:33,-4.5,2,3.4,,0:02,15.1,0,0,,0:00,,,,reavery01
740,Ryan Spooner,TOT,C,0:56,59,,12:48,-0.6,3.5,2.1,,2:26,11.1,6.3,0,,0:02,85.8,0,0,spoonry01
741,Ryan Sproul,NYR,D,0:43,16,,15:33,3.5,2.4,3.9,,0:12,-19.2,18.2,0,,0:36,-4.8,0,0,sproury01
742,Ryan Strome,EDM,C,0:40,82,,12:31,-0.1,2.2,2.4,,1:56,4.4,4,0.4,,0:45,-4.1,0.9,5.2,stromry01
743,Ryan Suter,MIN,D,0:52,78,,20:41,4,2.7,2.7,,3:05,4.6,9.2,0.7,,3:00,-3.4,0.5,7.7,suterry01
744,Sam Bennett,CGY,C,0:44,82,,12:19,-0.9,1.8,2.8,,1:21,-3.4,3.6,0.5,,0:43,-3.6,0,8.3,bennesa01
745,Sam Gagner,VAN,C,0:41,74,,12:58,-1.1,2,2.9,,2:01,-0.8,7.6,1.2,,0:06,0.3,0,17.3,gagnesa01
746,Sam Reinhart,BUF,C,0:40,82,,13:47,6.3,2.2,3,,3:17,5.3,8.5,1.8,,0:00,-13.7,0,0,reinhsa01
747,Sami Niku,WPG,D,0:53,1,,15:13,4.2,11.8,11.8,,0:00,,,,,0:00,,,,nikusa01
748,Sami Vatanen,TOT,D,0:46,72,,18:07,-2.9,2.2,3.7,,2:32,2.5,8.5,0,,1:43,-4.9,0,5.4,vatansa01
749,Sammy Blais,STL,LW,0:46,11,,9:25,-13,2.3,1.2,,1:20,5.2,8.1,4.1,,0:00,,,,blaissa01
750,Samuel Girard,TOT,D,0:49,73,,15:27,0.2,2.4,2.6,,2:10,4.3,6.5,1.5,,0:01,91.2,0,0,girarsa01
751,Samuel Morin,PHI,D,0:39,2,,13:22,12,4.5,2.2,,0:00,,,,,2:26,15.6,0,12.3,morinsa01
752,Scott Harrington,CBJ,D,0:43,32,,12:25,-7.5,2.3,2.4,,0:01,12.8,0,0,,0:50,-1.9,0,11.1,harrisc01
753,Scott Hartnell,NSH,LW,0:40,62,,10:46,-1,2.3,2.4,,1:13,-5.7,6.3,2.4,,0:00,-11,0,0,hartnsc01
754,Scott Laughton,PHI,C,0:29,81,,9:59,2,1.6,2.5,,0:04,-38,0,0,,1:03,3.7,0.7,7.3,laughsc01
755,Scott Mayfield,NYI,D,0:50,47,,16:16,-0.6,2.4,2.9,,0:04,-8.7,0,0,,1:29,-1.9,0.8,10.8,mayfisc01
756,Scott Wilson,TOT,C/LW,0:52,69,,10:58,-1.9,2.1,3.8,,0:16,-9.6,7.1,0,,0:57,1.5,0,8.9,wilsosc01
757,Scottie Upshall,STL,LW,0:59,63,,9:26,-5.1,2.1,2.3,,0:03,-21.1,0,0,,1:21,-0.7,0.7,9.8,upshasc01
758,Sean Couturier,PHI,C,0:39,82,,16:28,5.6,4.5,2.7,,3:13,5.7,9.4,1.6,,1:53,2.4,0.4,8.9,coutuse01
759,Sean Kuraly,BOS,C,0:23,75,,11:00,-3.8,1.8,2.2,,0:04,-25.2,0,0,,1:10,0.4,0.7,6.9,kuralse01
760,Sean Monahan,CGY,C,0:54,74,,14:46,2.3,3.7,3.2,,3:37,5,7.2,1.3,,0:16,7,0,5.9,monahse01
761,Sebastian Aho,CAR,RW,0:48,78,,15:12,0.9,3.2,2.9,,2:40,2.1,6.9,0.3,,0:02,9.9,0,0,ahose01
762,Sebastian Aho,NYI,D,0:40,21,,15:17,2.2,2.8,3.8,,0:57,3.1,6.6,0,,0:00,,,,ahose02
763,Seth Griffith,BUF,C,0:38,21,,9:54,2,0.6,2.3,,0:38,-11.7,4.4,0,,0:00,,,,griffse01
764,Seth Jones,CBJ,D,0:47,78,,20:05,4.4,2.7,2.3,,2:42,5.7,7.7,0.3,,1:49,1.1,0.4,6.5,jonesse01
765,Shane Gersich,WSH,C/LW,0:51,3,,9:01,3.2,2.2,4.4,,0:00,,,,,0:00,,,,gersish01
766,Shane Prince,NYI,C,0:55,14,,11:00,-6.1,0.8,1.9,,0:59,2.5,0,0,,0:00,87,0,0,princsh01
767,Shawn Matthias,WPG,C,0:31,27,,9:43,-5,2.3,2.5,,0:05,-37.9,0,0,,1:21,-3,0,3.2,matthsh01
768,Shayne Gostisbehere,PHI,D,0:34,78,,17:46,3.2,3.1,2.4,,3:36,6.9,10.2,1.3,,0:04,-0.1,0,0,gostish01
769,Shea Theodore,VEG,D,0:34,61,,17:20,0.5,3,2.6,,2:33,5.3,7.8,0,,0:27,10.1,1.6,11,theodsh01
770,Shea Weber,MTL,D,0:46,26,,18:40,1.4,2.1,3.4,,3:36,2,5.1,0,,3:03,-3.3,2.1,6.8,webersh01
771,Sidney Crosby,PIT,C,0:45,82,,16:46,5.7,3.1,2.9,,3:39,2.8,11.4,0.6,,0:15,12.4,0,9.4,crosbsi01
772,Slater Koekkoek,TBL,D,0:29,35,,10:43,-3.3,3.2,2.6,,0:03,,0,0,,0:27,6.4,0,3.7,koekksl01
773,Sonny Milano,CBJ,LW,0:43,55,,9:58,-0.3,2.4,3.1,,1:40,-1.7,3.9,1.3,,0:00,,,,milanso01
774,Spencer Foo,CGY,RW,0:51,4,,13:45,4.3,2.2,1.1,,2:06,19.7,0,0,,0:00,,,,foosp01
775,Stefan Matteau,VEG,LW,0:45,8,,7:56,3.1,0.9,0.9,,0:16,17.5,0,0,,0:00,,,,mattest02
776,Stefan Noesen,NJD,RW,0:41,72,,12:51,2,2.7,2,,0:20,-12.4,0,0,,0:05,-3.4,0,7.7,noesest01
777,Stephen Johns,DAL,D,0:33,75,,14:41,-2.4,2.3,2,,0:36,-3.8,1.3,0,,2:14,2,0.7,7.2,johnsst03
778,Steve Bernier,NYI,RW,0:39,4,,8:45,-13.1,0,3.4,,1:18,-20,11.5,0,,0:00,,,,bernist01
779,Steven Fogarty,NYR,C,0:34,1,,11:49,16,0,0,,0:00,,,,,0:27,,,,fogarst01
780,Steven Kampfer,NYR,D,0:52,22,,15:17,-5.4,1.4,2.5,,0:02,-24.1,0,0,,1:52,-6.2,0,5.8,kampfst01
781,Steven Santini,NJD,D,0:51,36,,17:11,-13,2.1,2.2,,0:01,,0,0,,3:03,-2.9,1,5.7,santist01
782,Steven Stamkos,TBL,C,1:01,78,,14:54,2.1,3.9,2.9,,3:27,4,9.8,0.4,,0:24,3.5,0,9.5,stamkst01
783,Sven Andrighetto,COL,RW,0:55,50,,11:57,2.9,2.2,3.5,,2:26,-1.4,7.2,1,,0:05,18.2,0,12,andrisv01
784,Sven Baertschi,VAN,LW,0:43,53,,13:34,-0.6,2.8,2.5,,2:01,2.7,8.3,0.6,,0:00,,0,0,baertsv01
785,T.J. Brodie,CGY,D,0:56,73,,19:03,-3.6,2.4,2.8,,2:31,-0.1,6.2,1.3,,2:06,-0.7,0,5.9,broditj01
786,T.J. Oshie,WSH,C/RW,0:41,74,,14:16,3.1,2.7,2.4,,3:20,14.2,10.4,1.4,,0:47,6.5,0,7.2,oshietj01
787,Tage Thompson,STL,C,0:37,41,,10:48,-0.7,1.4,3,,1:06,-1.5,4,0,,0:00,,,,thompta01
788,Tanner Fritz,NYI,C,0:42,34,,11:42,-1.1,1.7,2.1,,0:31,-8.9,10.8,0,,0:17,-7.8,0,11.6,fritzta01
789,Tanner Glass,CGY,LW,0:58,16,,8:27,-3,0,1.8,,0:01,,0,0,,0:53,-4.4,0,4.4,glassta01
790,Tanner Kero,CHI,RW,0:26,8,,9:08,-5.9,3.3,2.5,,0:02,,0,0,,2:15,-14.9,0,6.7,kerota01
791,Tanner Pearson,LAK,LW,0:34,82,,13:08,2.5,3.5,2.8,,1:48,1.6,7,0.4,,1:01,-4.3,0,7.5,pearsta01
792,Taylor Chorney,TOT,D,0:41,25,,11:24,6,4.3,0,,0:00,,,,,1:44,11.9,22.4,44.7,chornta01
793,Taylor Fedun,BUF,D,0:33,7,,13:09,8.4,0.7,1.3,,0:45,-15.1,11.4,0,,0:46,35.1,0,0,fedunta01
794,Taylor Hall,NJD,LW,0:46,76,,16:08,5,3.7,2.9,,2:54,2.5,12.1,0.8,,0:06,35.3,3.4,3.4,hallta02
795,Taylor Leier,PHI,LW,0:29,39,,9:02,2.2,1.5,2.7,,0:16,-21.8,0,0,,1:10,5.7,0,14.1,leierta01
796,Teuvo Teräväinen,CAR,C,0:54,82,,14:11,3.2,3.2,2.7,,2:40,3.3,7.7,0.3,,0:00,-10.2,0,0,teravte01
797,Thomas Chabot,OTT,D,0:49,63,,15:28,3.9,2.7,3.4,,1:52,0.1,5.6,0.5,,0:09,-1.5,0,0,chaboth01
798,Thomas Hickey,NYI,D,0:47,69,,15:52,0.4,3.2,2.3,,0:06,-20.3,10.7,10.7,,2:05,2.6,1.1,8.4,hicketh01
799,Thomas Vanek,TOT,LW,0:33,80,,12:05,2.3,4.7,2,,1:59,-6.1,4,4,,0:00,,0,0,vanekth01
800,Tim Heed,SJS,D,0:41,29,,13:07,4.3,2.6,2.6,,2:51,-7.6,4.8,0,,0:02,17.2,0,0,heedti01
801,Tim Schaller,BOS,LW,0:37,82,,11:18,-3.7,1.8,2.4,,0:05,14.6,0,0,,1:53,-6.3,1.6,5.1,schalti01
802,Timo Meier,SJS,RW,0:49,81,,13:22,2.2,2.8,2.7,,1:16,-2.9,6,0,,0:13,5.5,0,3.3,meierti01
803,Tobias Rieder,TOT,C,0:37,78,,13:08,-2.9,2,3.1,,0:18,6.3,9.3,0,,1:11,1.7,0,7.1,riedeto01
804,Toby Enström,WPG,D,0:34,43,,16:19,3.7,2.5,1.8,,0:05,-37.4,0,0,,0:36,2.1,0,13.6,enstrto01
805,Tom Kühnhackl,PIT,RW,0:38,69,,7:48,-9.6,1.3,2.4,,0:04,16.1,11.5,0,,2:07,-4.2,1.2,9.8,kuhnhto01
806,Tom Pyatt,OTT,C,0:38,81,,11:59,-6.3,1.9,2.8,,0:00,13.4,0,0,,2:02,-4.9,0.7,10.5,pyattto01
807,Tom Wilson,WSH,RW,0:50,78,,14:10,3.1,3.3,2.8,,0:04,-25.9,11,0,,1:43,3.8,0.4,5.3,wilsoto01
808,Tomáš Hertl,SJS,C,0:42,79,,14:05,0.5,2.8,2.9,,2:29,5.2,10.3,0.6,,1:30,-3.6,1.5,7.6,hertlto01
809,Tomáš Hyka,VEG,RW,0:58,10,,10:33,1.6,2.3,1.2,,1:29,-0.3,3.3,0,,0:00,,,,hykato01
810,Tomáš Jurčo,CHI,RW,0:31,29,,12:12,1.5,2.2,1.9,,0:14,-7.4,0,8.6,,0:09,-11.4,0,0,jurcoto01
811,Tomáš Nosek,VEG,C,0:41,67,,9:28,0.1,2.4,2,,0:06,9.8,0,0,,1:30,-1.8,1.1,4.5,nosekto01
812,Tomáš Plekanec,TOT,C,0:31,77,,12:59,0,2.5,2.5,,0:09,11.8,0,0,,1:58,-2.8,0.9,7.5,plekato01
813,Tomáš Tatar,TOT,C,0:39,82,,14:01,3.2,2.5,3,,2:12,4.1,6.8,0.4,,0:01,85.4,0,0,tatarto01
814,Tommy Wingels,TOT,C,0:57,75,,9:55,-4.9,2.9,3.2,,0:16,14.1,33.3,0,,1:16,-6,0,2.5,wingeto01
815,Tony DeAngelo,NYR,D,0:43,32,,14:30,6,1.9,4.3,,1:55,-3.1,6.8,1,,0:08,9.8,0,0,deangan01
816,Torey Krug,BOS,D,0:41,76,,16:36,1.1,3,2.8,,3:25,6,9.7,1.4,,0:21,15.7,4.3,0,krugto01
817,Torrey Mitchell,TOT,C,0:30,60,,9:50,-3.6,1.8,2.4,,0:01,15.7,0,0,,1:31,-2,0.7,7.4,mitchto01
818,Travis Boyd,WSH,C,0:36,8,,8:48,-4.7,2.6,0.9,,0:00,,0,0,,0:00,,,,boydtr01
819,Travis Dermott,TOR,D,0:37,37,,15:31,6.4,3.1,1.4,,0:05,9.4,0,0,,0:23,10.7,0,6,dermotr01
820,Travis Hamonic,CGY,D,0:46,74,,17:46,-3.7,2,2.6,,0:05,12.2,0,0,,2:50,-1.7,1.1,7.8,hamontr01
821,Travis Konecny,PHI,C,0:38,81,,13:29,-0.3,3.4,2.4,,1:24,-1.5,2.1,1.1,,0:00,86.5,0,0,konectr01
822,Travis Sanheim,PHI,D,0:36,49,,14:54,5.8,2.1,2.6,,0:17,1.6,0,0,,0:24,2,0,2.4,sanhetr01
823,Travis Zajac,NJD,C,0:36,63,,13:43,-4,2,2.7,,1:50,7.7,12.6,0.5,,2:19,-0.7,1.2,6.6,zajactr01
824,Trevor Carrick,CAR,D,0:26,1,,7:32,18.1,0,0,,0:00,,,,,0:00,,,,carritr01
825,Trevor Daley,DET,D,0:33,77,,17:17,-4.1,2.8,3.2,,0:36,5.1,0,1.3,,2:47,-2.8,1.9,8.9,daleytr01
826,Trevor Lewis,LAK,C,0:33,68,,13:04,-1.1,1.8,2.2,,0:29,-13.7,9,3.6,,1:39,-1.5,1.1,5.3,lewistr01
827,Trevor Murphy,ARI,D,0:34,8,,13:24,-3.9,3.4,0.6,,0:46,-7.5,0,0,,0:03,-7.6,0,0,murphtr01
828,Trevor van Riemsdyk,CAR,D,0:37,79,,15:31,0.7,2.8,2.3,,0:12,0,0,0,,1:19,-0.6,0,6.3,vanritr01
829,Troy Brouwer,CGY,RW,0:41,76,,10:37,-4.3,1.7,2.2,,1:14,0.2,4.3,1.2,,2:04,-5,0.8,10.4,brouwtr01
830,Troy Stecher,VAN,D,0:24,68,,17:03,0.4,2.4,2.8,,0:14,-4.8,3.6,0,,1:31,2.3,0.6,5.3,stechtr01
831,Troy Terry,ANA,C/RW,0:42,2,,10:03,-3.4,0,0,,0:09,,0,0,,0:00,,,,terrytr01
832,Tucker Poolman,WPG,D,0:37,24,,12:28,1.5,1.8,1.4,,0:02,,0,0,,0:03,53.5,0,0,poolmtu01
833,Ty Rattie,EDM,RW,0:37,14,,13:55,-3.7,4.6,4.3,,1:33,7,5.5,0,,0:00,,,,rattity01
834,Tyler Bertuzzi,DET,LW,0:32,48,,12:51,-2.3,2.6,3.1,,1:25,-1.3,5.3,1.8,,0:06,-1.8,0,0,bertuty01
835,Tyler Bozak,TOR,C,0:31,81,,13:26,4.5,2.7,2.2,,2:11,1.4,11.9,1,,0:00,,0,0,bozakty01
836,Tyler Ennis,MIN,C,0:40,73,,11:23,-0.2,2.1,2.2,,0:34,-0.8,7.3,0,,0:00,,0,0,ennisty01
837,Tyler Graovac,WSH,C,0:37,5,,6:35,-27.5,0,5.5,,0:01,,0,0,,0:06,-15,0,105.9,graovty01
838,Tyler Johnson,TBL,C,0:30,81,,13:12,-3,2.8,2.6,,2:16,-1.7,7.1,0.6,,1:30,-2.9,1,6.3,johnsty01
839,Tyler Motte,TOT,C,0:27,46,,10:18,-4.6,2.1,2.7,,0:02,-37.1,0,0,,0:52,-11.7,0,4,mottety01
840,Tyler Myers,WPG,D,0:45,82,,16:45,-1.7,2.7,2.5,,2:04,3.8,7.7,0.4,,2:35,-0.9,1.1,6.2,myersty01
841,Tyler Pitlick,DAL,C,0:25,80,,11:51,-2.7,2.4,1.9,,0:05,-12.2,0,0,,1:43,0.4,0.4,6.5,pitlity01
842,Tyler Seguin,DAL,C,0:32,82,,16:12,0.4,3.8,2.8,,3:09,-1.8,8.8,1.9,,1:33,-2,0.9,8.1,seguity01
843,Tyler Toffoli,LAK,C,0:36,82,,13:44,2.1,3,2.5,,1:54,0.1,7,0.4,,0:28,14.6,1.4,8.6,toffoty01
844,Tyrell Goulbourne,PHI,LW,0:21,9,,5:35,-3.1,1.2,3.6,,0:00,,,,,0:00,,,,goulbty01
845,Tyson Barrie,COL,D,0:53,68,,18:46,2,2.8,3.2,,3:43,0.1,9.5,1.4,,0:11,1,0,13.8,barrity01
846,Tyson Jost,COL,C,0:32,65,,11:47,-2,1.7,2.3,,2:35,0,8.7,1.4,,0:14,2.5,0,7.6,jostty01
847,Vadim Shipachyov,VEG,LW,0:47,3,,9:35,6.3,6.3,0,,0:59,10.8,0,0,,0:00,,,,shipava01
848,Valentin Zykov,CAR,LW,0:57,10,,12:41,5.1,3.8,1.9,,1:00,-11.2,0,0,,0:00,,,,zykovva01
849,Valtteri Filppula,PHI,C,0:39,81,,13:38,-7.4,2.2,2.6,,1:32,-3.9,4.4,1,,1:17,-7.4,1.1,10.7,filppva01
850,Victor Antipin,BUF,D,0:45,47,,14:11,0.6,1.7,2.4,,0:58,-3.1,4.8,2.4,,0:06,35.8,0,0,antipvi01
851,Victor Ejdsell,CHI,C,0:42,6,,12:33,-2.7,2.4,3.2,,0:46,-10.9,0,0,,0:00,,,,ejdsevi01
852,Victor Hedman,TBL,D,0:51,77,,19:51,0.4,3.4,2.4,,3:24,3.4,8.2,0.2,,2:35,0.2,1.8,9.5,hedmavi01
853,Victor Mete,MTL,D,0:35,49,,14:03,-1.4,2.9,2.5,,1:24,2.5,4.1,0,,0:07,0,0,4.3,metevi01
854,Victor Rask,CAR,C,0:41,71,,13:14,-3.6,2.5,2.3,,2:07,-0.4,7.6,1.2,,0:00,-10.6,0,0,raskvi01
855,Viktor Arvidsson,NSH,LW,0:34,78,,13:54,-0.1,3.7,2.6,,2:30,-0.2,8.9,0.6,,1:20,5.1,1.7,5.2,arvidvi01
856,Vince Dunn,STL,D,0:45,75,,15:09,4.4,2.7,2.5,,1:59,1.5,6,0.8,,0:04,22.7,0,11.5,dunnvi02
857,Vincent Trocheck,FLA,C,0:48,82,,16:04,0.2,2.9,3.4,,3:28,1.1,7,0.6,,1:48,3.1,2,7.3,trochvi01
858,Vinni Lettieri,NYR,C,0:33,19,,10:34,-5.8,1.2,4.5,,1:28,9.1,10.7,2.1,,0:00,,,,lettivi01
859,Vinnie Hinostroza,CHI,C,0:51,50,,12:23,2.4,2.6,2.1,,1:26,3.9,6.7,0,,0:00,-13.7,0,0,hinosvi01
860,Vladimír Sobotka,STL,C,0:34,81,,14:19,-3,2,2.2,,1:39,-0.1,2.7,1.3,,1:08,-2.3,0.6,9.7,sobotvl01
861,Vladimir Tarasenko,STL,RW,0:37,80,,15:31,3.9,3.5,2.5,,3:24,3.3,5.5,1.3,,0:08,1,0,6.2,tarasvl01
862,Vladislav Kamenev,COL,LW,0:36,3,,8:47,-14.1,0,4.5,,0:01,,,,,0:00,,,,kamenvl01
863,Vladislav Namestnikov,TOT,C,0:44,81,,13:58,1.9,1.4,2.6,,3:02,-0.6,8.6,0,,0:04,-9.1,0,0,namesvl01
864,Wade Megan,STL,C,0:49,1,,6:36,-38.6,0,0,,0:00,,,,,1:45,-13.6,0,0,meganwa01
865,Warren Foegele,CAR,LW,0:40,2,,9:52,7.8,9.1,0,,0:00,,,,,2:03,10,0,14.6,foegewa01
866,Wayne Simmonds,PHI,RW,0:58,75,,13:55,-2.1,2.4,3,,3:18,7,9.9,1.7,,0:51,-1.2,0.9,7,simmowa01
867,Will Butcher,NJD,D,0:46,81,,13:22,7.4,2.9,2.6,,2:38,0.2,9.2,1.1,,0:02,-15.4,0,4.5,butchwi01
868,Will O'Neill,PHI,D,0:43,1,,9:25,-10.1,0,0,,0:00,,,,,0:00,,,,oneilwi01
869,William Carrier,VEG,LW,0:29,37,,8:43,1.4,1.5,2.1,,0:06,10.1,0,0,,0:01,-11.9,0,0,carriwi01
870,William Karlsson,VEG,C,0:39,82,,14:39,3.7,4.1,1.9,,2:24,6.8,7.3,0,,1:39,2.3,2.4,6,karlswi01
871,William Nylander,TOR,C,0:42,82,,14:38,1.8,3.8,2.7,,2:01,-0.2,6.7,0.7,,0:01,64.5,0,0,nylanwi01
872,Xavier Ouellet,DET,D,0:43,45,,12:34,1.5,2.2,2.6,,0:01,8,47.4,0,,1:14,5.7,1.1,6.4,ouellxa01
873,Yanni Gourde,TBL,C,0:43,82,,13:12,0.7,3.7,1.9,,1:52,-4.5,7.6,0.4,,1:04,6,2.1,6.2,gourdya01
874,Yannick Weber,NSH,D,0:35,47,,11:56,-6.2,1.6,1.4,,0:01,12.1,0,0,,0:06,-12.5,0,0,weberya01
875,Yohann Auvitu,EDM,D,0:41,33,,13:04,-0.9,3.6,2.9,,0:25,-14.2,0,4.2,,0:03,49.9,0,34.6,auvityo01
876,Zac Dalpe,CBJ,RW,0:39,12,,7:12,-1.6,0.7,2.1,,0:14,-8.3,0,20.8,,0:00,,,,dalpeza01
877,Zac Rinaldo,ARI,C,0:38,53,,10:31,-5.4,1.9,2.7,,0:01,-38.2,0,0,,0:44,-2.6,0,7.8,rinalza01
878,Zach Aston-Reese,PIT,C,0:31,16,,10:02,-2.5,2.6,1.9,,0:29,-6.3,7.6,0,,0:50,-8.8,0,0,astonza01
879,Zach Bogosian,BUF,D,0:54,18,,17:09,3,1,2.5,,0:53,-10.5,0,4.1,,1:06,3.5,0,12,bogosza01
880,Zach Hyman,TOR,C,0:37,82,,14:33,-0.4,3.6,2.5,,0:09,-19.7,0,0,,2:39,-0.2,0.5,5.1,hymanza01
881,Zach Parise,MIN,LW,0:43,42,,13:59,-2.2,3.1,3.1,,2:24,1.2,5.9,0,,0:41,15.4,0,8.6,parisza01
882,Zach Redmond,BUF,D,0:48,3,,14:16,-1.3,4.2,2.8,,0:01,,,,,0:11,,,,redmoza01
883,Zach Trotman,PIT,D,0:42,3,,11:41,-0.8,0,5.1,,1:05,-17,0,0,,0:00,,,,trotmza01
884,Zach Werenski,CBJ,D,0:49,77,,19:23,4.4,2.9,2.5,,2:25,-3,5.1,1.6,,0:45,4.2,1,3.8,werenza01
885,Zach Whitecloud,VEG,D,0:38,1,,16:42,3.4,10.8,0,,0:00,,,,,0:00,,,,whiteza01
886,Zack Kassian,EDM,RW,0:39,74,,10:06,-3.8,1.8,2.7,,0:05,13.3,6.2,0,,1:28,3.2,1.6,8.7,kassiza01
887,Zack Mitchell,MIN,RW,0:34,23,,9:50,-10.9,1.9,2.4,,0:04,10.6,32.1,0,,0:36,9.3,0,8.6,mitchza01
888,Zack Smith,OTT,C,0:50,68,,13:46,-1.2,1.6,3.6,,1:31,-4.2,6.4,1.2,,1:26,5.6,0.6,6.8,smithza01
889,Zdeno Chára,BOS,D,0:41,73,,18:51,-1,3.2,2.4,,0:23,-5.4,0,1.8,,3:39,-2.7,0.9,6.8,charazd01
890,Zemgus Girgensons,BUF,C,0:41,71,,11:59,1,1.6,2.5,,0:05,-13.8,0,0,,1:37,-0.9,1,9.9,girgeze01